workload,size,lang,ok,alloc_objects_per_op,alloc_bytes_per_op,peak_live_bytes,live_bytes_end
coll.map-insert,100k,rust,True,16.0,4456636.0,6406028.0,3063660.0
coll.map-insert,10k,rust,True,13.0,557196.0,827146.0,409322.0
coll.map-insert,1M,rust,True,20.0,71303420.0,97163438.0,43686030.0
coll.map-insert.foldhash,1M,rust,True,20.0,71303420.0,97163471.0,43686063.0
coll.map-lookup,100k,rust,True,0.0,0.0,3067543.0,3064684.0
coll.map-lookup,10k,rust,True,0.00017340038148083925,11.363967400728281,461333.0,458474.0
coll.map-lookup,1M,rust,True,0.0,0.0,43688889.0,43686030.0
coll.map-lookup.foldhash,1M,rust,True,0.0,0.0,43689114.0,43686255.0
coll.map-string,100k,rust,True,13.0,819308.0,13642551.0,13028119.0
coll.map-string,10k,rust,True,11.0,204876.0,11054901.0,10901269.0
coll.map-string,1M,rust,True,15.0,3276940.0,31393721.0,28936089.0
coll.map-string.foldhash,1M,rust,True,15.0,3276940.0,31393850.0,28936218.0
coll.priority-queue,100k,rust,True,16.0,2097120.0,1883952.0,835376.0
coll.priority-queue,10k,rust,True,13.0,262112.0,261806.0,130734.0
coll.priority-queue,1M,rust,True,19.0,16777184.0,16423026.0,8034418.0
coll.queue,100k,rust,True,10.0,32736.0,67095.0,50711.0
coll.queue,10k,rust,True,10.000117412234355,32753.95436577825,411157.0,394773.0
coll.queue,1M,rust,True,10.0,32736.0,51737.0,35353.0
coll.set-ops,100k,rust,True,32.0,4719032.0,4584049.0,1634881.0
coll.set-ops,10k,rust,True,26.0,590168.0,567151.0,198463.0
coll.set-ops,1M,rust,True,38.0,37749272.0,39627411.0,16034403.0
coll.set-ops.foldhash,1M,rust,True,38.0,37749272.0,39627452.0,16034444.0
coll.sort-structs,100k,rust,True,0.0,0.0,6438305.0,6435398.0
coll.sort-structs,10k,rust,True,0.0,0.0,693663.0,690756.0
coll.sort-structs,1M,rust,True,0.0,0.0,64037411.0,64034504.0
coll.vec-push,100k,rust,True,16.00024333860567,2097143.9211582919,2013994.0,965418.0
coll.vec-push,10k,rust,True,13.000063058063866,262137.62195429552,1785512.0,1654440.0
coll.vec-push,1M,rust,True,19.0,16777184.0,16427052.0,8038444.0
coll.vec-random-read,100k,rust,True,0.00017817371937639198,17.515189309576837,1401076.0,1398217.0
coll.vec-random-read,10k,rust,True,5e-05,20.31616,2221618.0,2218759.0
coll.vec-random-read,1M,rust,True,0.0,0.0,12039286.0,12036427.0
conc.cpu-split,n10,rust,True,12.0,2896.0,91024.0,88128.0
conc.cpu-split,n100,rust,True,102.0,26656.0,114786.0,88130.0
conc.cpu-split,n100k,rust,True,100002.0,26400256.0,26488392.0,88136.0
conc.cpu-split,n10k,rust,True,10002.0,2640256.0,2728518.0,88262.0
conc.cpu-split,n1k,rust,True,1002.0,264256.0,352580.0,88324.0
conc.fanout,n10,rust,True,4729.0,931918.8571428572,121229.0,88285.0
conc.fanout,n100,rust,True,51532.833333333336,3305440.0,160255.0,88287.0
conc.fanout,n100k,rust,True,229090.6,46052491.2,44115589.0,88357.0
conc.fanout,n10k,rust,True,93575.2,8944124.8,4515451.0,88291.0
conc.fanout,n1k,rust,True,74819.2,4876132.8,546657.0,88225.0
conc.http-client,n10,rust,True,5366224.2,1715276690.6,541506.0,452661.0
conc.http-client,n100,rust,True,5361744.8,1714033837.4,4442453.0,3720423.0
conc.http-client,n10k,rust,True,5321979.6,1723283870.2,431565342.0,362664811.0
conc.http-client,n1k,rust,True,5350516.2,1711247660.6,43506923.0,36379209.0
conc.pingpong,1M,rust,True,8.0,2944.0,90891.0,87947.0
conc.prodcons,1p1c,rust,True,12663.166666666666,3646968.0,99593.0,88385.0
conc.prodcons,1p4c,rust,True,24560.4,1393662.4,107409.0,88193.0
conc.prodcons,4p1c,rust,True,8691.8,2503502.4,106217.0,88385.0
conc.prodcons,4p4c,rust,True,24830.6,1409393.6,108345.0,88193.0
conc.sleep,n10,rust,True,13.0,2976.0,92183.0,88612.0
conc.sleep,n100,rust,True,103.0,27456.0,116790.0,89334.0
conc.sleep,n100k,rust,True,100003.125,27200264.0,28088508.0,888252.0
conc.sleep,n10k,rust,True,10003.0,2720256.0,2888730.0,168474.0
conc.sleep,n1k,rust,True,1003.0,272256.0,368984.0,96728.0
conc.spawn-join,n10,rust,True,100002.0,12800336.0,90882.0,88023.0
conc.spawn-join,n100,rust,True,100002.0,12801056.0,102295.0,88311.0
conc.spawn-join,n100k,rust,True,100002.0,13600256.0,13688375.0,88119.0
conc.spawn-join,n10k,rust,True,100002.07692307692,12880260.923076924,1448439.0,88183.0
conc.spawn-join,n1k,rust,True,100002.0,12808256.0,224567.0,88311.0
cpu.csvparse,100MiB,rust,True,25.0,4890.0,104895845.0,104892077.0
cpu.csvparse,10MiB,rust,True,25.0,4890.0,10524078.0,10520310.0
cpu.csvparse.rust-lto,100MiB,rust,False,0.0,0.0,,
cpu.fib,n35,rust,True,0.0,0.0,37424.0,34565.0
cpu.fib.rust-lto,n35,rust,False,0.0,0.0,,
cpu.mandelbrot,w4000,rust,True,0.0,0.0,2037283.0,2034376.0
cpu.mandelbrot.rust-lto,w4000,rust,False,0.0,0.0,,
cpu.matmul,n1024,rust,True,0.0,0.0,25203159.0,25200252.0
cpu.matmul,n256,rust,True,0.0,0.0,1611189.0,1608282.0
cpu.matmul,n512,rust,True,0.0,0.0,6328885.0,6325978.0
cpu.matmul-rows,n512,rust,True,0.0,0.0,6328890.0,6325983.0
cpu.matmul.rust-lto,n512,rust,False,0.0,0.0,,
cpu.nbody,10M,rust,True,0.0,0.0,37782.0,34923.0
cpu.nbody.rust-lto,10M,rust,False,0.0,0.0,,
cpu.sha256-lib,256MiB,rust,True,0.0,0.0,268472701.0,268469842.0
cpu.sha256-lib,64MiB,rust,True,0.0,0.0,67146107.0,67143248.0
cpu.sha256-portable,256MiB,rust,True,0.0,0.0,268472706.0,268469847.0
cpu.sha256-portable,64MiB,rust,True,0.0,0.0,67146112.0,67143253.0
cpu.sha256-portable.rust-lto,256MiB,rust,False,0.0,0.0,,
cpu.sieve,1e7,rust,True,0.0,0.0,10037335.0,10034476.0
cpu.sieve,1e8,rust,True,0.0,0.0,100037241.0,100034382.0
cpu.sieve.rust-lto,1e8,rust,False,0.0,0.0,,
cpu.sort-stable,1M,rust,True,1.0,8000000.0,40034495.0,32034495.0
cpu.sort-u64,10M,rust,True,0.0,0.0,160037305.0,160034398.0
cpu.sort-u64,1M,rust,True,0.0,0.0,16037527.0,16034620.0
cpu.sort-u64.rust-lto,10M,rust,False,0.0,0.0,,
io.lines,100MiB,rust,True,2.0,65792.0,100357.0,34565.0
io.lines,10MiB,rust,True,2.0,65792.0,100578.0,34786.0
io.lines,1GiB,rust,True,2.0,65792.0,100351.0,34559.0
io.lines-idiomatic,100MiB,rust,True,5891357.0,481932062.0,100361.0,34575.0
io.read-buffered,100MiB,rust,True,1.0,65536.0,1149183.0,1083647.0
io.read-buffered,10MiB,rust,True,1.0,65536.0,1156860.0,1091324.0
io.read-buffered,1GiB,rust,True,1.0,65536.0,1148697.0,1083161.0
io.read-seq,100MiB,rust,True,0.0,0.0,1086245.0,1083386.0
io.read-seq,10MiB,rust,True,0.0,0.0,1094178.0,1091319.0
io.read-seq,1GiB,rust,True,0.0,0.0,1086015.0,1083156.0
io.write-buffered,100MiB,rust,True,1.0,65536.0,1148677.0,1083141.0
io.write-buffered,10MiB,rust,True,1.0,65536.0,1149571.0,1084035.0
io.write-buffered,1GiB,rust,True,1.0,65536.0,1148583.0,1083047.0
io.write-fsync,100MiB,rust,True,0.0,0.0,1086035.0,1083114.0
io.write-fsync,10MiB,rust,True,0.0,0.0,1086513.0,1083592.0
io.write-seq,100MiB,rust,True,0.0,0.0,1086185.0,1083264.0
io.write-seq,10MiB,rust,True,0.0,0.0,1087975.0,1085054.0
io.write-seq,1GiB,rust,True,0.0,0.0,1085963.0,1083042.0
json.decode,arr-100k,rust,True,974696.0,89060681.0,161688375.0,94579495.0
json.decode,arr-10k,rust,True,97587.0,10460648.0,16787292.0,10257973.0
json.decode,arr-1k,rust,True,9778.0,749724.0,1458974.0,934670.0
json.decode,obj-100KiB,rust,True,1827.0,170371.0,422550.0,291462.0
json.decode,obj-10KiB,rust,True,197.0,19445.0,106009.0,89609.0
json.decode,obj-1KiB,rust,True,25.0,1519.0,70978.0,68071.0
json.decode,obj-1MiB,rust,True,18578.0,2286573.0,4744884.0,2647716.0
json.decode-dynamic,arr-100k,rust,True,2874696.0,234935561.0,498457599.0,267716343.0
json.decode-dynamic,arr-10k,rust,True,287587.0,23685736.0,50051244.0,26889797.0
json.decode-dynamic,arr-1k,rust,True,28778.0,2328572.0,5021305.0,2725502.0
json.decode-dynamic,obj-100KiB,rust,True,5809.0,437022.0,1024944.0,596241.0
json.decode-dynamic,obj-10KiB,rust,True,595.0,44848.0,162789.0,119092.0
json.decode-dynamic,obj-1KiB,rust,True,71.0,5052.0,76480.0,71428.0
json.decode-dynamic,obj-1MiB,rust,True,59264.0,4553878.0,9958996.0,5536317.0
json.decode-fast,arr-100k,rust,True,974697.0,89061025.0,161688380.0,94579500.0
json.decode-fast,arr-10k,rust,True,97588.0,10460992.0,16787469.0,10257978.0
json.decode-fast,arr-1k,rust,True,9779.0,750068.0,1458979.0,934675.0
json.decode-fast,obj-100KiB,rust,True,1827.0,170371.0,422555.0,291467.0
json.decode-fast,obj-10KiB,rust,True,197.0,19445.0,106014.0,89614.0
json.decode-fast,obj-1KiB,rust,True,25.0,1519.0,70983.0,68076.0
json.decode-fast,obj-1MiB,rust,True,18578.0,2286573.0,4744889.0,2647721.0
json.decode.go-legacyjson,arr-100k,rust,True,974696.0,89060681.0,161688375.0,94579495.0
json.decode.go-legacyjson,arr-10k,rust,True,97587.0,10460648.0,16787292.0,10257973.0
json.decode.go-legacyjson,arr-1k,rust,True,9778.0,749724.0,1458974.0,934670.0
json.decode.go-legacyjson,obj-100KiB,rust,True,1827.0,170371.0,422550.0,291462.0
json.decode.go-legacyjson,obj-10KiB,rust,True,197.0,19445.0,106009.0,89609.0
json.decode.go-legacyjson,obj-1KiB,rust,True,25.0,1519.0,70978.0,68071.0
json.decode.go-legacyjson,obj-1MiB,rust,True,18578.0,2286573.0,4744372.0,2647204.0
json.encode,arr-100k,rust,True,20.0,134217600.0,228797279.0,161688415.0
json.encode,arr-10k,rust,True,16.0,8388480.0,18647373.0,14453069.0
json.encode,arr-1k,rust,True,13.0,1048448.0,1983270.0,1458982.0
json.encode,obj-100KiB,rust,True,11.0,262016.0,553630.0,422558.0
json.encode,obj-10KiB,rust,True,8.0,32640.0,122401.0,106017.0
json.encode,obj-1KiB,rust,True,5.0,3968.0,73050.0,70143.0
json.encode,obj-1MiB,rust,True,15.0,4194176.0,6842044.0,4744892.0
json.encode-fast,arr-100k,rust,True,20.0,134217600.0,228797284.0,161688420.0
json.encode-fast,arr-10k,rust,True,16.0,8388480.0,18647378.0,14453074.0
json.encode-fast,arr-1k,rust,True,13.0,1048448.0,1983275.0,1458987.0
json.encode-fast,obj-100KiB,rust,True,11.0,262016.0,553635.0,422563.0
json.encode-fast,obj-10KiB,rust,True,8.0,32640.0,122406.0,106022.0
json.encode-fast,obj-1KiB,rust,True,5.0,3968.0,73055.0,70148.0
json.encode-fast,obj-1MiB,rust,True,15.0,4194176.0,6842049.0,4744897.0
json.encode.go-legacyjson,arr-100k,rust,True,20.0,134217600.0,228797279.0,161688415.0
json.encode.go-legacyjson,arr-10k,rust,True,16.0,8388480.0,18647373.0,14453069.0
json.encode.go-legacyjson,arr-1k,rust,True,13.0,1048448.0,1983270.0,1458982.0
json.encode.go-legacyjson,obj-100KiB,rust,True,11.0,262016.0,553630.0,422558.0
json.encode.go-legacyjson,obj-10KiB,rust,True,8.0,32640.0,122401.0,106017.0
json.encode.go-legacyjson,obj-1KiB,rust,True,5.0,3968.0,73050.0,70143.0
json.encode.go-legacyjson,obj-1MiB,rust,True,15.0,4194176.0,6841532.0,4744380.0
mem.binarytrees,d16,rust,True,14985902.0,239774432.0,4228642.0,34354.0
mem.binarytrees,d18,rust,True,68332206.0,1093315296.0,16811554.0,34354.0
mem.binarytrees.go-nogreentea,d18,rust,True,68332206.0,1093315296.0,16811554.0,34354.0
mem.bytes,100MiB,rust,True,1.0,104857600.0,104891974.0,34374.0
mem.bytes,1GiB,rust,True,1.0,1073741824.0,1073776200.0,34376.0
mem.bytes,500MiB,rust,True,1.0,524288000.0,524322374.0,34374.0
mem.churn,100MiB,rust,True,1638400.0,104857600.0,118001318.0,117999206.0
mem.churn,1GiB,rust,True,16777216.0,1073741824.0,1207996072.0,1207993960.0
mem.churn,500MiB,rust,True,8192000.0,524288000.0,589860518.0,589858406.0
mem.churn.go-nogreentea,500MiB,rust,True,8192000.0,524288000.0,589860518.0,589858406.0
mem.churn.gogc200,500MiB,rust,True,8192000.0,524288000.0,589860518.0,589858406.0
mem.churn.gogc50,500MiB,rust,True,8192000.0,524288000.0,589860518.0,589858406.0
mem.churn.gogcoff-limit1g,500MiB,rust,True,8192000.0,524288000.0,589860518.0,589858406.0
mem.churn.mimalloc,500MiB,rust,False,0.0,0.0,,
mem.objects-boxed,100MiB,rust,True,1638401.0,117964800.0,117999182.0,34382.0
mem.objects-boxed,1GiB,rust,True,16777217.0,1207959552.0,1207993936.0,34384.0
mem.objects-boxed,500MiB,rust,True,8192001.0,589824000.0,589858382.0,34382.0
mem.objects-boxed.go-nogreentea,500MiB,rust,True,8192001.0,589824000.0,589858382.0,34382.0
mem.objects-boxed.gogc200,500MiB,rust,True,8192001.0,589824000.0,589858382.0,34382.0
mem.objects-boxed.mimalloc,500MiB,rust,False,0.0,0.0,,
mem.objects-inline,100MiB,rust,True,1.0,104857600.0,104891983.0,34383.0
mem.objects-inline,1GiB,rust,True,1.0,1073741824.0,1073776209.0,34385.0
mem.objects-inline,500MiB,rust,True,1.0,524288000.0,524322383.0,34383.0
str.concat,100MiB,rust,True,24.0,268435440.0,641763011.0,507545283.0
str.concat,10MiB,rust,True,21.0,33554416.0,77629601.0,60852385.0
str.format,1M,rust,True,24.0,192937969.0,192972378.0,96503386.0
str.parse-numbers,100MiB,rust,True,0.0,0.0,121672405.0,121669546.0
str.parse-numbers,10MiB,rust,True,0.0,0.0,12100051.0,12097192.0
str.regex,100MiB,rust,True,0.0,0.0,104959745.0,104956886.0
str.regex,10MiB,rust,True,0.0,0.0,10588863.0,10586004.0
str.search,100MiB,rust,True,0.0,0.0,104894934.0,104892075.0
str.search,10MiB,rust,True,0.0,0.0,10523316.0,10520457.0
str.split,100MiB,rust,True,2751604.0,592340992.0,138450610.0,104892082.0
str.split,10MiB,rust,True,275709.0,56753472.0,12621584.0,10520336.0
str.split-lazy,100MiB,rust,True,0.0,0.0,104894946.0,104892087.0
str.split-lazy,10MiB,rust,True,0.0,0.0,10523328.0,10520469.0
str.unicode-count,100MiB,rust,True,0.0,0.0,104895421.0,104892562.0
str.unicode-count,10MiB,rust,True,0.0,0.0,10531259.0,10528400.0
str.upper,100MiB,rust,True,1.0,104857579.0,314607256.0,209749677.0
str.upper,10MiB,rust,True,1.0,10485739.0,31491830.0,21006091.0
