run_id,mode,category,lang,variant,program,path,bytes,sha256,stripped_bytes,text_bytes,data_bytes,bss_bytes,file,static,dynamic_libs
20260925T083500Z-native-vm,native,binsize,go,cgo,hello,bin/binsize/go-cgo/hello,2337993,6384bdba00f897e5360f1ab2be57e0c638cbb093ca1c58bed82f741d44ed3ab0,1507288,1459710,39668,219776,"ELF 64-bit LSB executable, x86-64, version 1 (SYSV), statically linked, Go BuildID=OOoLgSYOttgdkVo2Eagy/SLjXfP-tNb9KoG_NSHlq/EsKNHTN0a_n4t9NhkpYU/nLR4CpojATHPbcnXJ8il, BuildID[sha1]=8f6ed9e820e30f7f1d3b4997371f13b209fe2e12, with debug_info, not stripped",True,
20260925T083500Z-native-vm,native,binsize,go,cgo,http,bin/binsize/go-cgo/http,9757470,cc3a9f353d9030820664d7828951f0a7e097d05a259e1b94cee08104bce0bbde,6619104,6293033,317259,33825064,"ELF 64-bit LSB executable, x86-64, version 1 (SYSV), dynamically linked, interpreter /lib64/ld-linux-x86-64.so.2, Go BuildID=IDowbnVBAPuo4t-GH980/ZDnH9605JA0Rs_iUe1Ji/3N1YJ36EQvLNTUPbYdX_/iLA4vXFANWgWUx4D5Ccw, BuildID[sha1]=e7ae589204f8a9fa0344889a4a6d12a845e119eb, with debug_info, not stripped",False,/lib64/ld-linux-x86-64.so.2 libc.so.6
20260925T083500Z-native-vm,native,binsize,go,default,collections,bin/go/collections,4197393,931d193da1b1f44bcda789b559d5bfcc28cf32b7529726a6aadf46626ede69d0,2775224,2691863,74724,222400,"ELF 64-bit LSB executable, x86-64, version 1 (SYSV), statically linked, Go BuildID=iUZw4o6xWC5PFGZg4ksD/uJ6TUM71Kx0wRx5rcQ0k/xiLVATjHEFmZcSKe-va3/y-lxYpOfyVRoZ6C-gub9, BuildID[sha1]=ba2a0e13a07a42b38ca8ccced0dc69a20823419c, with debug_info, not stripped",True,
20260925T083500Z-native-vm,native,binsize,go,default,concurrency,bin/go/concurrency,9982266,c618db6cfe2cd18d76d20409bee498045b2988f6c6cd106ff1b24c7fc0983628,6783736,6451893,323107,33828656,"ELF 64-bit LSB executable, x86-64, version 1 (SYSV), statically linked, Go BuildID=s4w3ehziXDKq0WuX4yu3/tZM-SuHrgqdUpYIYjS3v/EOL-k1oJBk7gbxyYx3K_/MdvBbep_JMljPjG8TAZ0, BuildID[sha1]=8a6117588bba545d2ecef62f89b8fcc6b7acf74b, with debug_info, not stripped",True,
20260925T083500Z-native-vm,native,binsize,go,default,cpu,bin/go/cpu,4464973,6e40b7c53420e40588ca4f9c88ec4c83ac0c460bd8bef244a98c4037a195e2d3,2966680,2871685,85939,33777832,"ELF 64-bit LSB executable, x86-64, version 1 (SYSV), statically linked, Go BuildID=cPE3wcR7XzZF3TdBa_gP/E3_lpKnDxllc9YHahsub/WB7E0udV-5Aqc1kBp9R_/EarPtErGC-aBS39p24Nk, BuildID[sha1]=09b6e6f28dd4741384b2088a525e344c07a5acc3, with debug_info, not stripped",True,
20260925T083500Z-native-vm,native,binsize,go,default,hello,bin/go/hello,2337993,d5612f1406a5c5f7435940e877ad1650e1008e480c8f8af12a53f16844959af6,1507288,1459710,39668,219776,"ELF 64-bit LSB executable, x86-64, version 1 (SYSV), statically linked, Go BuildID=q41LVs5v0Z_ncNdIwL9E/XT7Wn1cBu3K-38waktld/EsKNHTN0a_n4t9NhkpYU/jYSmC0ZDNVUKaBuDnraA, BuildID[sha1]=94240f6947f35ccc1d9930d2dd46825528e528d3, with debug_info, not stripped",True,
20260925T083500Z-native-vm,native,binsize,go,default,http,bin/go/http,9685933,c93ac13514c0dc55423846d2843046e095a3a1befb3c431e596210ef83af5615,6572344,6243293,316499,33824928,"ELF 64-bit LSB executable, x86-64, version 1 (SYSV), statically linked, Go BuildID=aozJ3Z-MiVSlyoLbHn68/xEon3bA0TIpZcwvK16fo/nSXp65L3OmIXZeAbra94/sqyOjnzmb8t_b2qcN7ov, BuildID[sha1]=bd96283eb3b8861e3e82c409f7e1080bd332406b, with debug_info, not stripped",True,
20260925T083500Z-native-vm,native,binsize,go,default,http-framework,bin/go/http-gin,21516358,a7ccb929289fbb26a7758bb8d1f82463c950d3035540b32eabe8568fc0f46ea0,14565432,14105881,449363,33839592,"ELF 64-bit LSB executable, x86-64, version 1 (SYSV), statically linked, Go BuildID=oBA-7sACxBlwnOXFP4eh/3waJJuWpe1emfdWKyEwr/X5chFhfIk3zJfbtubdTS/LA2aVEyOHMObhgFhtMqo, BuildID[sha1]=004ef3209f262e34e6e95f78ab72d62ea3bcbde7, with debug_info, not stripped",True,
20260925T083500Z-native-vm,native,binsize,go,default,io,bin/go/io,4200078,021b4d0a1ab981313ad10307bd7f899da47d585d406830383507004cb37f83e3,2775320,2691822,74804,222400,"ELF 64-bit LSB executable, x86-64, version 1 (SYSV), statically linked, Go BuildID=3KFUHJJ2gxlI7IuTe6sC/z-c5G3EA4jWGkXFRQWZa/zv7wYLNvhSiUKXapbn80/jN-hhkWyyZS5XfZ5IQY7, BuildID[sha1]=413a56a0c09bb711824c68cedc6211ee7588ecc2, with debug_info, not stripped",True,
20260925T083500Z-native-vm,native,binsize,go,default,json,bin/go/json,5546577,f64d0e1ef01e90e93cf80c2c5ed90bb48b06f7cd88d6015d04e67359d0960697,3662664,3563384,89700,223616,"ELF 64-bit LSB executable, x86-64, version 1 (SYSV), statically linked, Go BuildID=3RoXR4HNX6N5_rpfCqmS/SwYwJrEKhKgGHAmPDKgn/uQibiMaWA856lJa9QL44/VEGuKlI9gf1PnuMn2-0y, BuildID[sha1]=13631affdab04689e7aef718d0fcdefc4ee6c372, with debug_info, not stripped",True,
20260925T083500Z-native-vm,native,binsize,go,default,memory,bin/go/memory,4168039,64776981f2cad25472d56fd98197dc0dfebb9b984449f735c89b634a644c9905,2754808,2671318,74772,222400,"ELF 64-bit LSB executable, x86-64, version 1 (SYSV), statically linked, Go BuildID=t-a2NZEAzLLkyWHR_dvA/kRp5CTi-Rhqfns5lqdfG/zetzOx47IiX9cTpNeJv3/PP2yHdQLcnSPZ7oqQ-XV, BuildID[sha1]=304ff45edddd3d3d63ca7a095ff34a6069cfb625, with debug_info, not stripped",True,
20260925T083500Z-native-vm,native,binsize,go,default,strings,bin/go/strings,4530728,80145bd55187143eb0a7025cb12eac5fd12d3db957d0f2ac5a271199eda13814,3016600,2880304,127668,222848,"ELF 64-bit LSB executable, x86-64, version 1 (SYSV), statically linked, Go BuildID=xqbQWfg1U041TSULTVgz/mQVieIzUT_nS858gAAxK/YoOdK2l8_xVLBn98CvTy/f_ZIncjdbu8kQBB6gYH_, BuildID[sha1]=e729125de16e23853a1e74478726859a1b20ffb7, with debug_info, not stripped",True,
20260925T083500Z-native-vm,native,binsize,go,stripped,collections,bin/binsize/go-stripped/collections,2777248,fa03d7489e70ee0785bc2eedc3f9064c7109a66925c5ce5e19f3c5bfe6cd89ec,2775224,2691863,74724,222400,"ELF 64-bit LSB executable, x86-64, version 1 (SYSV), statically linked, Go BuildID=1C5ABXiVgPrVN0Cetq2s/uJ6TUM71Kx0wRx5rcQ0k/xiLVATjHEFmZcSKe-va3/5mTuhZBMI8ZwScEiLfVh, BuildID[sha1]=abd2472f842ace773dff963e8d5dbb7ba6e2554f, stripped",True,
20260925T083500Z-native-vm,native,binsize,go,stripped,concurrency,bin/binsize/go-stripped/concurrency,6783136,ded93c0fc55b06db65200aa5d86857da2d8d65447c0096716b081b93fcb844ed,6783736,6451893,323107,33828656,"ELF 64-bit LSB executable, x86-64, version 1 (SYSV), statically linked, Go BuildID=APdP3sFaNb1vre-dX0MD/tZM-SuHrgqdUpYIYjS3v/EOL-k1oJBk7gbxyYx3K_/0VyfyQiIPcwOxll7a2A0, BuildID[sha1]=4a3fe3e6bb69518f5121107176a5f06885a89eb5, stripped",True,
20260925T083500Z-native-vm,native,binsize,go,stripped,cpu,bin/binsize/go-stripped/cpu,2965664,271a2fb2d7efcb1e31fcadb7b413a1c37d9ecbe1670ca8606f10a4a221686b49,2966680,2871685,85939,33777832,"ELF 64-bit LSB executable, x86-64, version 1 (SYSV), statically linked, Go BuildID=foeIS2fUhS5CqqPpOVdP/E3_lpKnDxllc9YHahsub/WB7E0udV-5Aqc1kBp9R_/k2aQieQ-qSrxwc_-KhC4, BuildID[sha1]=a9e81c956f023a2d65147aef072eeb24c697e2f7, stripped",True,
20260925T083500Z-native-vm,native,binsize,go,stripped,hello,bin/binsize/go-stripped/hello,1507488,d2119fb1c51b16ada5ad26e53b5fbcc7050e0590f3cbdc951786ac3f25544ed9,1507288,1459710,39668,219776,"ELF 64-bit LSB executable, x86-64, version 1 (SYSV), statically linked, Go BuildID=r_c_PrYx5mzg5_hZjdpa/XT7Wn1cBu3K-38waktld/EsKNHTN0a_n4t9NhkpYU/vgoWvCGTsfAKsWl9tavm, BuildID[sha1]=ecb14b301397ccc2d7e0ad74fc377be47f282abd, stripped",True,
20260925T083500Z-native-vm,native,binsize,go,stripped,http,bin/binsize/go-stripped/http,6574240,99d4ba62f8ab8b93133dc823e99652286fb34363fda53388d52d5855e0b58e75,6572344,6243293,316499,33824928,"ELF 64-bit LSB executable, x86-64, version 1 (SYSV), statically linked, Go BuildID=waU6EaD54IW7IY81vOfP/xEon3bA0TIpZcwvK16fo/nSXp65L3OmIXZeAbra94/zzBKMfa7sHWNtxcPhhw_, BuildID[sha1]=3511f17fe2e9bc26bb165bd171360c34050352af, stripped",True,
20260925T083500Z-native-vm,native,binsize,go,stripped,http-framework,bin/binsize/go-stripped/http-gin,14565536,73fca434496eba320ce304ab1fe06d774c73f48924af9c7cf130e32ecb5fa068,14565432,14105881,449363,33839592,"ELF 64-bit LSB executable, x86-64, version 1 (SYSV), statically linked, Go BuildID=xIJx3tPbNWPBeE6nkRA_/3waJJuWpe1emfdWKyEwr/X5chFhfIk3zJfbtubdTS/XDOH-S1NviLkWKi1tN4B, BuildID[sha1]=6b12c06d477fd9f4ea85bfabf3ad3acf7a877fed, stripped",True,
20260925T083500Z-native-vm,native,binsize,go,stripped,io,bin/binsize/go-stripped/io,2777248,77789579389ee1f9bdab01ba78ee44af70837df29850784937d9ccc98adbe339,2775320,2691822,74804,222400,"ELF 64-bit LSB executable, x86-64, version 1 (SYSV), statically linked, Go BuildID=y4KIItunDVfp8QhuLT7w/z-c5G3EA4jWGkXFRQWZa/zv7wYLNvhSiUKXapbn80/6bLAl-lTYSnscWI9Rvv1, BuildID[sha1]=7e04e9b0be3e5806d891fea403afbc2b3b2aae74, stripped",True,
20260925T083500Z-native-vm,native,binsize,go,stripped,json,bin/binsize/go-stripped/json,3661984,1bc9ee027a9ad1f0d6b6ef441721b395eec154fdb3455f0e1428a8f477f16139,3662664,3563384,89700,223616,"ELF 64-bit LSB executable, x86-64, version 1 (SYSV), statically linked, Go BuildID=IbzG9goyY7GMgCUrwx7b/SwYwJrEKhKgGHAmPDKgn/uQibiMaWA856lJa9QL44/b5n66qQPxVC3-S_VDOlG, BuildID[sha1]=02b1f157fa45a6f09b400939d1fb7fd0e7347bdc, stripped",True,
20260925T083500Z-native-vm,native,binsize,go,stripped,memory,bin/binsize/go-stripped/memory,2756768,2192c41c15eb8bbd3963d37272761ddc0f0d8ed7ffc3746c72f78ac81038e734,2754808,2671318,74772,222400,"ELF 64-bit LSB executable, x86-64, version 1 (SYSV), statically linked, Go BuildID=sUWDJj599bn5sdEcxH1w/kRp5CTi-Rhqfns5lqdfG/zetzOx47IiX9cTpNeJv3/0ec9-KLG6oBTLG1tqWtO, BuildID[sha1]=b2b82cc8c6dbc555ed1d5b8387d0f465eeb94dcb, stripped",True,
20260925T083500Z-native-vm,native,binsize,go,stripped,strings,bin/binsize/go-stripped/strings,3018912,04c5813bac621e9ce038cb91e0338dfdf5ebd15bd1ab6f14701c40fc96778a90,3016600,2880304,127668,222848,"ELF 64-bit LSB executable, x86-64, version 1 (SYSV), statically linked, Go BuildID=3lZHNvOJ4m9jFMELjJ4b/mQVieIzUT_nS858gAAxK/YoOdK2l8_xVLBn98CvTy/fKXBTm788YCNVGZGx647, BuildID[sha1]=b87bd25679b62a34a45616e1b42bc47f1138a297, stripped",True,
20260925T083500Z-native-vm,native,binsize,rust,default,collections,bin/rust/collections,705504,6e21e8e2953590fc1676e424edd743462f7d7c4203ad9f763053b785aa4bb611,539296,518921,16968,2755,"ELF 64-bit LSB pie executable, x86-64, version 1 (SYSV), dynamically linked, interpreter /lib64/ld-linux-x86-64.so.2, for GNU/Linux 3.2.0, BuildID[sha1]=62f2a503dc24d817b0a1f05361ce8a581a63e865, not stripped",False,/lib64/ld-linux-x86-64.so.2 libc.so.6 libgcc_s.so.1
20260925T083500Z-native-vm,native,binsize,rust,default,concurrency,bin/rust/concurrency,3577112,555be00679b3b95a8b462fd28098d6f141c2be99d6fbe7b32ca1d98a0c836dbf,2401248,2324580,73240,1832,"ELF 64-bit LSB pie executable, x86-64, version 1 (SYSV), dynamically linked, interpreter /lib64/ld-linux-x86-64.so.2, for GNU/Linux 3.2.0, BuildID[sha1]=f424f9805d911b08c1d199e915879e880d85e355, not stripped",False,/lib64/ld-linux-x86-64.so.2 libc.so.6 libgcc_s.so.1 libm.so.6
20260925T083500Z-native-vm,native,binsize,rust,default,cpu,bin/rust/cpu,738856,85d284e65029f0cd6223bdb2b97e09c0c37a0f25d9bb5ae60b2aac588bf587c3,574592,553633,17576,4259,"ELF 64-bit LSB pie executable, x86-64, version 1 (SYSV), dynamically linked, interpreter /lib64/ld-linux-x86-64.so.2, for GNU/Linux 3.2.0, BuildID[sha1]=90b7ec3acf4ff0bd0c2a3cc53c4fa8ae488a9cc3, not stripped",False,/lib64/ld-linux-x86-64.so.2 libc.so.6 libgcc_s.so.1
20260925T083500Z-native-vm,native,binsize,rust,default,hello,bin/rust/hello,458440,c54b2cd6c80218c11cb1a470e2fb51f599c717d4568c1b9782c900c51eda4d7c,350096,334067,12664,3418,"ELF 64-bit LSB pie executable, x86-64, version 1 (SYSV), dynamically linked, interpreter /lib64/ld-linux-x86-64.so.2, for GNU/Linux 3.2.0, BuildID[sha1]=0de03e6bc9f8c213fd1f0fc0aeb0fe936c5bf3a7, not stripped",False,/lib64/ld-linux-x86-64.so.2 libc.so.6 libgcc_s.so.1
20260925T083500Z-native-vm,native,binsize,rust,default,http,bin/rust/http-axum,1866344,9581b48c5cfc5515443953802cab9493c55405aadc9011a1397eca9a61b9506a,1274680,1229831,41456,776,"ELF 64-bit LSB pie executable, x86-64, version 1 (SYSV), dynamically linked, interpreter /lib64/ld-linux-x86-64.so.2, for GNU/Linux 3.2.0, BuildID[sha1]=4286f2aa0ba1617523f80aef9bafa2d2c5d485ef, not stripped",False,/lib64/ld-linux-x86-64.so.2 libc.so.6 libgcc_s.so.1 libm.so.6
20260925T083500Z-native-vm,native,binsize,rust,default,http-framework,bin/rust/http-actix,3072496,2946f511c48b0c88a4caf55413e62a8c3035e7f0ad98ee6f47a4826fc3733431,1923024,1853001,66632,1864,"ELF 64-bit LSB pie executable, x86-64, version 1 (SYSV), dynamically linked, interpreter /lib64/ld-linux-x86-64.so.2, for GNU/Linux 3.2.0, BuildID[sha1]=69ddc346e0cdc57eb8ade2d8e09fbf02fc143a11, not stripped",False,/lib64/ld-linux-x86-64.so.2 libc.so.6 libgcc_s.so.1 libm.so.6
20260925T083500Z-native-vm,native,binsize,rust,default,io,bin/rust/io,671032,e87bcdc029ee6d01cfd1f28bb0684bbdca92271642026b6c232e45a51f0c1bed,514288,493988,16872,3090,"ELF 64-bit LSB pie executable, x86-64, version 1 (SYSV), dynamically linked, interpreter /lib64/ld-linux-x86-64.so.2, for GNU/Linux 3.2.0, BuildID[sha1]=6134e2cfd1ac6aef74b28e5869f0defd89343dab, not stripped",False,/lib64/ld-linux-x86-64.so.2 libc.so.6 libgcc_s.so.1
20260925T083500Z-native-vm,native,binsize,rust,default,json,bin/rust/json,1232968,2fa2ce9f5d50ffac7eb2134096c51fae8d5f51a2f445fdf27385afaa4eb53257,979072,953974,21672,1264,"ELF 64-bit LSB pie executable, x86-64, version 1 (SYSV), dynamically linked, interpreter /lib64/ld-linux-x86-64.so.2, for GNU/Linux 3.2.0, BuildID[sha1]=f0f94cd61693920b49070db9b6a6fc482a1ddf0e, not stripped",False,/lib64/ld-linux-x86-64.so.2 libc.so.6 libgcc_s.so.1
20260925T083500Z-native-vm,native,binsize,rust,default,memory,bin/rust/memory,655952,a66d7c152b0023c0f787b38e73c2312318de7ae4e0dfcc865e5cc12f9e028cb1,501760,482672,15704,3330,"ELF 64-bit LSB pie executable, x86-64, version 1 (SYSV), dynamically linked, interpreter /lib64/ld-linux-x86-64.so.2, for GNU/Linux 3.2.0, BuildID[sha1]=ca5f71966ee0406e25eba2bcb8ce1fce7695a8a6, not stripped",False,/lib64/ld-linux-x86-64.so.2 libc.so.6 libgcc_s.so.1
20260925T083500Z-native-vm,native,binsize,rust,default,strings,bin/rust/strings,3043488,74c432a9f26bb85a3e9e97e6ee19ac17f4c2eba5e3a8d2cdc86ae85162852a8c,2305584,2057777,244424,1872,"ELF 64-bit LSB pie executable, x86-64, version 1 (SYSV), dynamically linked, interpreter /lib64/ld-linux-x86-64.so.2, for GNU/Linux 3.2.0, BuildID[sha1]=cb64a72730cd6e5e0edc8738601f1a8df49cd520, not stripped",False,/lib64/ld-linux-x86-64.so.2 libc.so.6 libgcc_s.so.1
20260925T083500Z-native-vm,native,binsize,rust,size,collections,rust/target/release-size/collections,391184,a4af2567d454091b277bb634c5461888a82bc9049220d420924bdeff8a4df268,391176,374937,12920,3298,"ELF 64-bit LSB pie executable, x86-64, version 1 (SYSV), dynamically linked, interpreter /lib64/ld-linux-x86-64.so.2, for GNU/Linux 3.2.0, BuildID[sha1]=22339b56919bb2d1c5e83120fc061b6b0d615f03, stripped",False,/lib64/ld-linux-x86-64.so.2 libc.so.6 libgcc_s.so.1
20260925T083500Z-native-vm,native,binsize,rust,size,concurrency,rust/target/release-size/concurrency,1165128,91a644e27fa1f1a590f59a58eda4851c818c959e074f882c13463d7176020a18,1165120,1118758,42984,3704,"ELF 64-bit LSB pie executable, x86-64, version 1 (SYSV), dynamically linked, interpreter /lib64/ld-linux-x86-64.so.2, for GNU/Linux 3.2.0, BuildID[sha1]=c34bf1ce690fb6ba862909e2d17971f0a4d23f99, stripped",False,/lib64/ld-linux-x86-64.so.2 libc.so.6 libgcc_s.so.1 libm.so.6
20260925T083500Z-native-vm,native,binsize,rust,size,cpu,rust/target/release-size/cpu,425152,f42804bc41bb562c95ad2d25566206984cd57360f95d356a33551697dd99f6e5,425144,408365,13448,2034,"ELF 64-bit LSB pie executable, x86-64, version 1 (SYSV), dynamically linked, interpreter /lib64/ld-linux-x86-64.so.2, for GNU/Linux 3.2.0, BuildID[sha1]=275efd237d19c8c50ea53d231a4a133f6914d5e5, stripped",False,/lib64/ld-linux-x86-64.so.2 libc.so.6 libgcc_s.so.1
20260925T083500Z-native-vm,native,binsize,rust,size,hello,rust/target/release-size/hello,292696,0b62be1b2458ccf6074d0cd9ca6fa08ab672e68922dc687302e7bf5e1c0853ad,292688,279976,9408,3346,"ELF 64-bit LSB pie executable, x86-64, version 1 (SYSV), dynamically linked, interpreter /lib64/ld-linux-x86-64.so.2, for GNU/Linux 3.2.0, BuildID[sha1]=c160558fa020c16ac8cdd83b58c03740a7fabadc, stripped",False,/lib64/ld-linux-x86-64.so.2 libc.so.6 libgcc_s.so.1
20260925T083500Z-native-vm,native,binsize,rust,size,http,rust/target/release-size/http-axum,719496,d3e0b946611efd68d539734a29e5ec9db4e5eefa7cae1f4f1b83c970e6ec4b70,719488,689086,27016,2944,"ELF 64-bit LSB pie executable, x86-64, version 1 (SYSV), dynamically linked, interpreter /lib64/ld-linux-x86-64.so.2, for GNU/Linux 3.2.0, BuildID[sha1]=d27c35b8b1284d5d7f6a0db6eb2283a5469a3417, stripped",False,/lib64/ld-linux-x86-64.so.2 libc.so.6 libgcc_s.so.1 libm.so.6
20260925T083500Z-native-vm,native,binsize,rust,size,http-framework,rust/target/release-size/http-actix,876576,298a0e56dcd2bd9a3234bda65ae282034191db7cedf3492e3e700371077af0e2,876568,838926,34256,1680,"ELF 64-bit LSB pie executable, x86-64, version 1 (SYSV), dynamically linked, interpreter /lib64/ld-linux-x86-64.so.2, for GNU/Linux 3.2.0, BuildID[sha1]=6a0c32f3027936f225a8c27c6e5e92ba7cb5cae7, stripped",False,/lib64/ld-linux-x86-64.so.2 libc.so.6 libgcc_s.so.1 libm.so.6
20260925T083500Z-native-vm,native,binsize,rust,size,io,rust/target/release-size/io,375640,d7ac7e1561cc030d8310831b5d8f0c91d7b9c2f2e5664c4c551b6bfbcf151359,375632,360268,12032,2354,"ELF 64-bit LSB pie executable, x86-64, version 1 (SYSV), dynamically linked, interpreter /lib64/ld-linux-x86-64.so.2, for GNU/Linux 3.2.0, BuildID[sha1]=4bfeb0087376ee453f1fcdbd49de2c719f397051, stripped",False,/lib64/ld-linux-x86-64.so.2 libc.so.6 libgcc_s.so.1
20260925T083500Z-native-vm,native,binsize,rust,size,json,rust/target/release-size/json,644168,cf5abe80103322817656c41ee0cf00ad4d4b5905184db13474487ffb9e4f11d0,644160,626023,14800,4256,"ELF 64-bit LSB pie executable, x86-64, version 1 (SYSV), dynamically linked, interpreter /lib64/ld-linux-x86-64.so.2, for GNU/Linux 3.2.0, BuildID[sha1]=d6715a61d5381325878c849e2fae074d37d81fb0, stripped",False,/lib64/ld-linux-x86-64.so.2 libc.so.6 libgcc_s.so.1
20260925T083500Z-native-vm,native,binsize,rust,size,memory,rust/target/release-size/memory,358808,8d2da71e36b242f37d81c9f989e5075eb2c57bf5c8490406937b4c8440d2811d,358800,344264,11216,2802,"ELF 64-bit LSB pie executable, x86-64, version 1 (SYSV), dynamically linked, interpreter /lib64/ld-linux-x86-64.so.2, for GNU/Linux 3.2.0, BuildID[sha1]=a09cf2a4fe505c11b983aae08ad79d3255f88b8a, stripped",False,/lib64/ld-linux-x86-64.so.2 libc.so.6 libgcc_s.so.1
20260925T083500Z-native-vm,native,binsize,rust,size,strings,rust/target/release-size/strings,1605568,12fee282e54357ee2d4c933c0de1cf6230e9441e6ce375d534a9899f4201464a,1605560,1446870,155368,1336,"ELF 64-bit LSB pie executable, x86-64, version 1 (SYSV), dynamically linked, interpreter /lib64/ld-linux-x86-64.so.2, for GNU/Linux 3.2.0, BuildID[sha1]=b76ad5c53a654d87986b3315733b027a46aaf892, stripped",False,/lib64/ld-linux-x86-64.so.2 libc.so.6 libgcc_s.so.1
20260925T083500Z-native-vm,native,binsize,rust,static,hello,bin/rust-static/hello,1415976,4ae956c788b7972003c45004344690adfc799eb18aa1d856f2321117a81b55d7,1223536,1176904,35808,26744,"ELF 64-bit LSB pie executable, x86-64, version 1 (SYSV), static-pie linked, for GNU/Linux 3.2.0, BuildID[sha1]=83b317384eb5213243affe1d48df61adac06f99d, not stripped",True,
20260925T083500Z-native-vm,native,binsize,rust,static,http,bin/rust-static/http-axum,2890352,61426b52c5aee19f8d8db460321df147ba281801eaa8c30bc9f2e69e1b4486b9,2224528,2148784,64936,26160,"ELF 64-bit LSB pie executable, x86-64, version 1 (SYSV), static-pie linked, for GNU/Linux 3.2.0, BuildID[sha1]=6ff4b4475a779464d8688af3d2290233f2faa681, not stripped",True,
20260925T083500Z-native-vm,native,binsize,rust,strip,collections,rust/target/flavor-strip/release/collections,539304,dba9f7319fbb1a627b8fb25d990b8d25941e6101fc617a04518ecc7878d2dd7d,539296,518921,16968,2755,"ELF 64-bit LSB pie executable, x86-64, version 1 (SYSV), dynamically linked, interpreter /lib64/ld-linux-x86-64.so.2, for GNU/Linux 3.2.0, BuildID[sha1]=7067cc8b3f83bf71fa02d85788b580e9328740ed, stripped",False,/lib64/ld-linux-x86-64.so.2 libc.so.6 libgcc_s.so.1
20260925T083500Z-native-vm,native,binsize,rust,strip,concurrency,rust/target/flavor-strip/release/concurrency,2401256,3e5190a6b96935a27efc486a4c30b1abc4882421ae0c17a2fb3e7fc2b7a4ef30,2401248,2324592,73240,1832,"ELF 64-bit LSB pie executable, x86-64, version 1 (SYSV), dynamically linked, interpreter /lib64/ld-linux-x86-64.so.2, for GNU/Linux 3.2.0, BuildID[sha1]=7297eea4ed23df15353228616f88c1f1517f31bd, stripped",False,/lib64/ld-linux-x86-64.so.2 libc.so.6 libgcc_s.so.1 libm.so.6
20260925T083500Z-native-vm,native,binsize,rust,strip,cpu,rust/target/flavor-strip/release/cpu,574584,8bcb65be60b766ced60306de2d7c4d5af1c087297eda4d089c787747cf14e87a,574576,553625,17576,4275,"ELF 64-bit LSB pie executable, x86-64, version 1 (SYSV), dynamically linked, interpreter /lib64/ld-linux-x86-64.so.2, for GNU/Linux 3.2.0, BuildID[sha1]=3f2b0df5c4cb18499dd655bfa1466c30742572e5, stripped",False,/lib64/ld-linux-x86-64.so.2 libc.so.6 libgcc_s.so.1
20260925T083500Z-native-vm,native,binsize,rust,strip,hello,rust/target/flavor-strip/release/hello,350104,460cff09ccb8a6d6e1f3ba4849ecde798d7b2d7ee083c4026380695d20696406,350096,334067,12664,3418,"ELF 64-bit LSB pie executable, x86-64, version 1 (SYSV), dynamically linked, interpreter /lib64/ld-linux-x86-64.so.2, for GNU/Linux 3.2.0, BuildID[sha1]=b0263d8fbc6ca3350ecd7b6d3cd920b63596fb4d, stripped",False,/lib64/ld-linux-x86-64.so.2 libc.so.6 libgcc_s.so.1
20260925T083500Z-native-vm,native,binsize,rust,strip,http,rust/target/flavor-strip/release/http-axum,1274688,45f5b2e7b128b19f4cf18cf42cd35a19ab53ca6f5b94a5f7d420efb573c367ef,1274680,1229823,41456,776,"ELF 64-bit LSB pie executable, x86-64, version 1 (SYSV), dynamically linked, interpreter /lib64/ld-linux-x86-64.so.2, for GNU/Linux 3.2.0, BuildID[sha1]=2861d6fa0582421e3c35279b62bf0b018730159c, stripped",False,/lib64/ld-linux-x86-64.so.2 libc.so.6 libgcc_s.so.1 libm.so.6
20260925T083500Z-native-vm,native,binsize,rust,strip,http-framework,rust/target/flavor-strip/release/http-actix,1923016,d1f0357fc7a29a61345f09fb7561e740bdd52af370e60b1cf416e1393f62c142,1923008,1852997,66632,1880,"ELF 64-bit LSB pie executable, x86-64, version 1 (SYSV), dynamically linked, interpreter /lib64/ld-linux-x86-64.so.2, for GNU/Linux 3.2.0, BuildID[sha1]=3da06ff6ae5b46a78e472339300b7209e1fff98c, stripped",False,/lib64/ld-linux-x86-64.so.2 libc.so.6 libgcc_s.so.1 libm.so.6
20260925T083500Z-native-vm,native,binsize,rust,strip,io,rust/target/flavor-strip/release/io,514296,ae3c0ef659aee4e103ab75d6b34e58f9b7ac5c78c2f6e2e62cd866c7b9c74b75,514288,493988,16872,3090,"ELF 64-bit LSB pie executable, x86-64, version 1 (SYSV), dynamically linked, interpreter /lib64/ld-linux-x86-64.so.2, for GNU/Linux 3.2.0, BuildID[sha1]=714534c7fa1d5660fdc0db5c5d3278fa93da1365, stripped",False,/lib64/ld-linux-x86-64.so.2 libc.so.6 libgcc_s.so.1
20260925T083500Z-native-vm,native,binsize,rust,strip,json,rust/target/flavor-strip/release/json,979080,ee3a88ac00a4ba6e2f2e9c4d55a29fd0e56b48463ef5d3b883b791c60e65d288,979072,953974,21672,1264,"ELF 64-bit LSB pie executable, x86-64, version 1 (SYSV), dynamically linked, interpreter /lib64/ld-linux-x86-64.so.2, for GNU/Linux 3.2.0, BuildID[sha1]=7ad1d5a4e660da5e398bbcbd238e213f117e5ab0, stripped",False,/lib64/ld-linux-x86-64.so.2 libc.so.6 libgcc_s.so.1
20260925T083500Z-native-vm,native,binsize,rust,strip,memory,rust/target/flavor-strip/release/memory,501768,ea7600d850afc6015fc90d1e8b21ce3b54601e9c90352e94a71934d28fcc4620,501760,482672,15704,3330,"ELF 64-bit LSB pie executable, x86-64, version 1 (SYSV), dynamically linked, interpreter /lib64/ld-linux-x86-64.so.2, for GNU/Linux 3.2.0, BuildID[sha1]=902c23aef8cc71cf1076a046424d6b2f6621f571, stripped",False,/lib64/ld-linux-x86-64.so.2 libc.so.6 libgcc_s.so.1
20260925T083500Z-native-vm,native,binsize,rust,strip,strings,rust/target/flavor-strip/release/strings,2305592,a95836c83e6fde6edbab8b803239fcb56fb94012c2905b2f4a7492cd6b4cf433,2305584,2057777,244424,1872,"ELF 64-bit LSB pie executable, x86-64, version 1 (SYSV), dynamically linked, interpreter /lib64/ld-linux-x86-64.so.2, for GNU/Linux 3.2.0, BuildID[sha1]=9fbde9b05aca5872057eba578311f6d0aab1f950, stripped",False,/lib64/ld-linux-x86-64.so.2 libc.so.6 libgcc_s.so.1
20260925T083500Z-native-vm,native,binsize,rust,tuned,collections,bin/rust-tuned/collections,547152,64e2f7b5338cbcdec76c6ddae9931200e529aa7c870733b42bb5fc9afc6dba30,450664,435272,12040,1154,"ELF 64-bit LSB pie executable, x86-64, version 1 (SYSV), dynamically linked, interpreter /lib64/ld-linux-x86-64.so.2, for GNU/Linux 3.2.0, BuildID[sha1]=c3bb18adb67348b79d2417d6fad74bc22c0214b1, not stripped",False,/lib64/ld-linux-x86-64.so.2 libc.so.6 libgcc_s.so.1
20260925T083500Z-native-vm,native,binsize,rust,tuned,concurrency,bin/rust-tuned/concurrency,1895352,586b4240f34c9d17ce4a11597a25c2f5585692c36fa9647a1244f56071fea08a,1543456,1498375,41688,2200,"ELF 64-bit LSB pie executable, x86-64, version 1 (SYSV), dynamically linked, interpreter /lib64/ld-linux-x86-64.so.2, for GNU/Linux 3.2.0, BuildID[sha1]=4c45f33c126cc0893349ce1fc05987877c7b5df4, not stripped",False,/lib64/ld-linux-x86-64.so.2 libc.so.6 libgcc_s.so.1 libm.so.6
20260925T083500Z-native-vm,native,binsize,rust,tuned,cpu,bin/rust-tuned/cpu,579672,8eb3c461f31cdd7baec3cb89d0e21b1d18c65dfafda8a4ce261ea6770d24b13a,485752,469944,12504,2866,"ELF 64-bit LSB pie executable, x86-64, version 1 (SYSV), dynamically linked, interpreter /lib64/ld-linux-x86-64.so.2, for GNU/Linux 3.2.0, BuildID[sha1]=ca9f1520bc3ebb3c3dc27fdde969dd98ae6108dc, not stripped",False,/lib64/ld-linux-x86-64.so.2 libc.so.6 libgcc_s.so.1
20260925T083500Z-native-vm,native,binsize,rust,tuned,hello,bin/rust-tuned/hello,378576,c11e7aa1ce9e2a7789b9e0acb533b7b16d3586ffcec90c281f871b21bdfb426e,306120,293432,9384,2202,"ELF 64-bit LSB pie executable, x86-64, version 1 (SYSV), dynamically linked, interpreter /lib64/ld-linux-x86-64.so.2, for GNU/Linux 3.2.0, BuildID[sha1]=5c6e7ad5b3d9d1060afc7a006e82df60aff5ac65, not stripped",False,/lib64/ld-linux-x86-64.so.2 libc.so.6 libgcc_s.so.1
20260925T083500Z-native-vm,native,binsize,rust,tuned,http,bin/rust-tuned/http-axum,1025024,2e4a10de878919b089ef74a26fd385d45c9fc2c0f0b56b12666baf1ead11fe68,837872,808298,26184,3344,"ELF 64-bit LSB pie executable, x86-64, version 1 (SYSV), dynamically linked, interpreter /lib64/ld-linux-x86-64.so.2, for GNU/Linux 3.2.0, BuildID[sha1]=7ea5dfc27c43ddf1adb79c6053dadbf3a75a14c9, not stripped",False,/lib64/ld-linux-x86-64.so.2 libc.so.6 libgcc_s.so.1 libm.so.6
20260925T083500Z-native-vm,native,binsize,rust,tuned,http-framework,bin/rust-tuned/http-actix,1378520,82e1545ca623b848f163934b75ad00b71db272a555cb2ad104a2f37ea7521fec,1076272,1040696,32168,2680,"ELF 64-bit LSB pie executable, x86-64, version 1 (SYSV), dynamically linked, interpreter /lib64/ld-linux-x86-64.so.2, for GNU/Linux 3.2.0, BuildID[sha1]=a58f0040bf31c4a79b7691b62c2fc415784e3fd6, not stripped",False,/lib64/ld-linux-x86-64.so.2 libc.so.6 libgcc_s.so.1 libm.so.6
20260925T083500Z-native-vm,native,binsize,rust,tuned,io,bin/rust-tuned/io,518144,c2f37eecb5d8b0b901da7aa3c888fd3f717de46db798156d1d2c7bc37f3c02e4,428712,413835,11544,2522,"ELF 64-bit LSB pie executable, x86-64, version 1 (SYSV), dynamically linked, interpreter /lib64/ld-linux-x86-64.so.2, for GNU/Linux 3.2.0, BuildID[sha1]=0f9f2ef1b15d31dd2c926acb4eb897824931a39c, not stripped",False,/lib64/ld-linux-x86-64.so.2 libc.so.6 libgcc_s.so.1
20260925T083500Z-native-vm,native,binsize,rust,tuned,json,bin/rust-tuned/json,1070264,ef2c3103d0c69b32311d6da7aa1c7f8017ac9511d2783055ea5cf3e047a70173,941680,924571,13776,1648,"ELF 64-bit LSB pie executable, x86-64, version 1 (SYSV), dynamically linked, interpreter /lib64/ld-linux-x86-64.so.2, for GNU/Linux 3.2.0, BuildID[sha1]=662647de6c24f4d3e6415b722734b9e5213ba98d, not stripped",False,/lib64/ld-linux-x86-64.so.2 libc.so.6 libgcc_s.so.1
20260925T083500Z-native-vm,native,binsize,rust,tuned,memory,bin/rust-tuned/memory,499800,812d955c68ebccd61e5a03f1cf3b6721fbadb5fab4b1e0a506e70961c6605d8b,413112,398975,10824,1738,"ELF 64-bit LSB pie executable, x86-64, version 1 (SYSV), dynamically linked, interpreter /lib64/ld-linux-x86-64.so.2, for GNU/Linux 3.2.0, BuildID[sha1]=2d7676a460c2e82ec9970de39a35fef3788eccc2, not stripped",False,/lib64/ld-linux-x86-64.so.2 libc.so.6 libgcc_s.so.1
20260925T083500Z-native-vm,native,binsize,rust,tuned,strings,bin/rust-tuned/strings,2130680,43d712cf3b85355b3d36d5ae778c56eb2105a8c9301260e6d3fa40e6f7b87ba3,1900040,1746327,150408,1768,"ELF 64-bit LSB pie executable, x86-64, version 1 (SYSV), dynamically linked, interpreter /lib64/ld-linux-x86-64.so.2, for GNU/Linux 3.2.0, BuildID[sha1]=9895dc74b9d144ce13ba7b983b8fa24508e92f57, not stripped",False,/lib64/ld-linux-x86-64.so.2 libc.so.6 libgcc_s.so.1
