run_id,workload,target,build_track,scenario,lang,round,i,ok,time_s,peak_rss_kb,cpu_s
20260925T083500Z-native-vm,compile.hello,hello,release,clean,go,0,0,True,5.55295943744,271440,14.25
20260925T083500Z-native-vm,compile.hello,hello,release,clean,go,0,1,True,5.47394223444,274372,14.41
20260925T083500Z-native-vm,compile.hello,hello,release,clean,go,1,0,True,5.53687357536,278104,14.209999999999999
20260925T083500Z-native-vm,compile.hello,hello,release,clean,go,1,1,True,5.64235277236,279816,14.829999999999998
20260925T083500Z-native-vm,compile.hello,hello,release,clean,go,2,0,True,5.497968446300001,276264,14.129999999999999
20260925T083500Z-native-vm,compile.hello,hello,release,clean,go,2,1,True,5.4353540423,276664,14.21
20260925T083500Z-native-vm,compile.hello,hello,release,clean,go,3,0,True,5.563392013900001,273332,14.620000000000001
20260925T083500Z-native-vm,compile.hello,hello,release,clean,go,3,1,True,5.4607629499,270180,14.05
20260925T083500Z-native-vm,compile.hello,hello,release,clean,go,4,0,True,5.51594732988,271180,14.3
20260925T083500Z-native-vm,compile.hello,hello,release,clean,go,4,1,True,5.5916395238800005,272840,14.56
20260925T083500Z-native-vm,compile.hello,hello,release,clean,rust,0,0,True,0.32714032212,98536,0.32
20260925T083500Z-native-vm,compile.hello,hello,release,clean,rust,0,1,True,0.28787550912,98388,0.30000000000000004
20260925T083500Z-native-vm,compile.hello,hello,release,clean,rust,1,0,True,0.2584229657,99352,0.29000000000000004
20260925T083500Z-native-vm,compile.hello,hello,release,clean,rust,1,1,True,0.2714338157,98060,0.30000000000000004
20260925T083500Z-native-vm,compile.hello,hello,release,clean,rust,2,0,True,0.28883165984000003,98836,0.31000000000000005
20260925T083500Z-native-vm,compile.hello,hello,release,clean,rust,2,1,True,0.29189971384,97452,0.32
20260925T083500Z-native-vm,compile.hello,hello,release,clean,rust,3,0,True,0.29012882692,99124,0.31
20260925T083500Z-native-vm,compile.hello,hello,release,clean,rust,3,1,True,0.27771616592000004,97892,0.30000000000000004
20260925T083500Z-native-vm,compile.hello,hello,release,clean,rust,4,0,True,0.25094674522,98632,0.28
20260925T083500Z-native-vm,compile.hello,hello,release,clean,rust,4,1,True,0.25287075022,99124,0.28
20260925T083500Z-native-vm,compile.hello,hello,release,clean-std-cached,go,0,0,True,0.08480183756000001,21744,0.14
20260925T083500Z-native-vm,compile.hello,hello,release,clean-std-cached,go,0,1,True,0.08306947556000001,21508,0.15000000000000002
20260925T083500Z-native-vm,compile.hello,hello,release,clean-std-cached,go,1,0,True,0.07759497292,21820,0.14
20260925T083500Z-native-vm,compile.hello,hello,release,clean-std-cached,go,1,1,True,0.07849694192000001,22044,0.15000000000000002
20260925T083500Z-native-vm,compile.hello,hello,release,clean-std-cached,go,2,0,True,0.07953542958000001,22132,0.14
20260925T083500Z-native-vm,compile.hello,hello,release,clean-std-cached,go,2,1,True,0.08437723658000001,21712,0.15000000000000002
20260925T083500Z-native-vm,compile.hello,hello,release,clean-std-cached,go,3,0,True,0.08389833174000001,21800,0.15
20260925T083500Z-native-vm,compile.hello,hello,release,clean-std-cached,go,3,1,True,0.08618605574,21724,0.15
20260925T083500Z-native-vm,compile.hello,hello,release,clean-std-cached,go,4,0,True,0.09561622152,21500,0.15
20260925T083500Z-native-vm,compile.hello,hello,release,clean-std-cached,go,4,1,True,0.08661794752,21960,0.15000000000000002
20260925T083500Z-native-vm,compile.hello,hello,release,clean-std-cached,rust,0,0,True,0.28828869422000003,99112,0.33
20260925T083500Z-native-vm,compile.hello,hello,release,clean-std-cached,rust,0,1,True,0.27814264922000004,98100,0.31000000000000005
20260925T083500Z-native-vm,compile.hello,hello,release,clean-std-cached,rust,1,0,True,0.27466977974,98240,0.31000000000000005
20260925T083500Z-native-vm,compile.hello,hello,release,clean-std-cached,rust,1,1,True,0.29059491774,99316,0.32
20260925T083500Z-native-vm,compile.hello,hello,release,clean-std-cached,rust,2,0,True,0.29907084202000006,98952,0.33
20260925T083500Z-native-vm,compile.hello,hello,release,clean-std-cached,rust,2,1,True,0.27099265402000006,98832,0.30000000000000004
20260925T083500Z-native-vm,compile.hello,hello,release,clean-std-cached,rust,3,0,True,0.30237131028,97936,0.33
20260925T083500Z-native-vm,compile.hello,hello,release,clean-std-cached,rust,3,1,True,0.26266906428000003,97468,0.28
20260925T083500Z-native-vm,compile.hello,hello,release,clean-std-cached,rust,4,0,True,0.29111584534,98224,0.33
20260925T083500Z-native-vm,compile.hello,hello,release,clean-std-cached,rust,4,1,True,0.27697848434000005,99672,0.31000000000000005
20260925T083500Z-native-vm,compile.hello,hello,release,edit,go,0,0,True,0.23571606112000001,61816,0.36
20260925T083500Z-native-vm,compile.hello,hello,release,edit,go,0,1,True,0.22940603012000002,61132,0.36
20260925T083500Z-native-vm,compile.hello,hello,release,edit,go,1,0,True,0.21067895378,61192,0.33
20260925T083500Z-native-vm,compile.hello,hello,release,edit,go,1,1,True,0.23981302178000002,61200,0.41000000000000003
20260925T083500Z-native-vm,compile.hello,hello,release,edit,go,2,0,True,0.2415606966,61256,0.39
20260925T083500Z-native-vm,compile.hello,hello,release,edit,go,2,1,True,0.23001884760000002,61332,0.36
20260925T083500Z-native-vm,compile.hello,hello,release,edit,go,3,0,True,0.22995015690000004,61656,0.38
20260925T083500Z-native-vm,compile.hello,hello,release,edit,go,3,1,True,0.21595954690000002,61580,0.33999999999999997
20260925T083500Z-native-vm,compile.hello,hello,release,edit,go,4,0,True,0.24813358676000002,61876,0.41000000000000003
20260925T083500Z-native-vm,compile.hello,hello,release,edit,go,4,1,True,0.23846320276000002,61732,0.38
20260925T083500Z-native-vm,compile.hello,hello,release,edit,rust,0,0,True,0.23338273916000002,98036,0.25
20260925T083500Z-native-vm,compile.hello,hello,release,edit,rust,0,1,True,0.19667939316000002,98228,0.22
20260925T083500Z-native-vm,compile.hello,hello,release,edit,rust,1,0,True,0.21329045686,98048,0.24
20260925T083500Z-native-vm,compile.hello,hello,release,edit,rust,1,1,True,0.21842309886000003,98836,0.24000000000000002
20260925T083500Z-native-vm,compile.hello,hello,release,edit,rust,2,0,True,0.23863714950000003,97448,0.26
20260925T083500Z-native-vm,compile.hello,hello,release,edit,rust,2,1,True,0.21576341150000003,98612,0.25
20260925T083500Z-native-vm,compile.hello,hello,release,edit,rust,3,0,True,0.20715663654000002,99968,0.22999999999999998
20260925T083500Z-native-vm,compile.hello,hello,release,edit,rust,3,1,True,0.21499409654000004,98828,0.24
20260925T083500Z-native-vm,compile.hello,hello,release,edit,rust,4,0,True,0.21368844358000003,98596,0.24
20260925T083500Z-native-vm,compile.hello,hello,release,edit,rust,4,1,True,0.20722622658,99700,0.25
20260925T083500Z-native-vm,compile.hello,hello,release,noop,go,0,0,True,0.08810640934000001,22036,0.16
20260925T083500Z-native-vm,compile.hello,hello,release,noop,go,0,1,True,0.07720577234,22056,0.14
20260925T083500Z-native-vm,compile.hello,hello,release,noop,go,1,0,True,0.07861682386,21636,0.15000000000000002
20260925T083500Z-native-vm,compile.hello,hello,release,noop,go,1,1,True,0.08088055986,21572,0.15
20260925T083500Z-native-vm,compile.hello,hello,release,noop,go,2,0,True,0.07222608052000001,21612,0.13
20260925T083500Z-native-vm,compile.hello,hello,release,noop,go,2,1,True,0.07550605052,21696,0.13
20260925T083500Z-native-vm,compile.hello,hello,release,noop,go,3,0,True,0.08559341181999999,21692,0.15
20260925T083500Z-native-vm,compile.hello,hello,release,noop,go,3,1,True,0.07709735682000002,21556,0.14
20260925T083500Z-native-vm,compile.hello,hello,release,noop,go,4,0,True,0.08387664194,21944,0.14
20260925T083500Z-native-vm,compile.hello,hello,release,noop,go,4,1,True,0.08096072394,21988,0.14
20260925T083500Z-native-vm,compile.hello,hello,release,noop,rust,0,0,True,0.14282453756000002,52688,0.13
20260925T083500Z-native-vm,compile.hello,hello,release,noop,rust,0,1,True,0.10408841356000001,52680,0.09
20260925T083500Z-native-vm,compile.hello,hello,release,noop,rust,1,0,True,0.09732076426000001,52524,0.08
20260925T083500Z-native-vm,compile.hello,hello,release,noop,rust,1,1,True,0.13126095926,52520,0.12
20260925T083500Z-native-vm,compile.hello,hello,release,noop,rust,2,0,True,0.10704425618,52356,0.1
20260925T083500Z-native-vm,compile.hello,hello,release,noop,rust,2,1,True,0.10533626018,52432,0.09
20260925T083500Z-native-vm,compile.hello,hello,release,noop,rust,3,0,True,0.11564926692000001,52368,0.1
20260925T083500Z-native-vm,compile.hello,hello,release,noop,rust,3,1,True,0.10213164792,52500,0.09
20260925T083500Z-native-vm,compile.hello,hello,release,noop,rust,4,0,True,0.12141238552,53000,0.11
20260925T083500Z-native-vm,compile.hello,hello,release,noop,rust,4,1,True,0.10852035552,52816,0.09
20260925T083500Z-native-vm,compile.http,http,release,clean,go,0,0,True,12.83333768712,283752,39.36
20260925T083500Z-native-vm,compile.http,http,release,clean,go,0,1,True,13.08934618912,273296,40.06
20260925T083500Z-native-vm,compile.http,http,release,clean,go,1,0,True,12.871339674340001,284076,39.49
20260925T083500Z-native-vm,compile.http,http,release,clean,go,1,1,True,12.54132559634,279888,38.76
20260925T083500Z-native-vm,compile.http,http,release,clean,go,2,0,True,13.08090720004,277188,39.87
20260925T083500Z-native-vm,compile.http,http,release,clean,go,2,1,True,13.06033410504,273216,40.17
20260925T083500Z-native-vm,compile.http,http,release,clean,go,3,0,True,12.59699954216,275456,38.75
20260925T083500Z-native-vm,compile.http,http,release,clean,go,3,1,True,12.99003847516,281692,39.96
20260925T083500Z-native-vm,compile.http,http,release,clean,go,4,0,True,13.027984619460002,274248,40.07
20260925T083500Z-native-vm,compile.http,http,release,clean,go,4,1,True,12.90348240246,272784,39.4
20260925T083500Z-native-vm,compile.http,http,release,clean,rust,0,0,True,18.3357423465,402524,60.27
20260925T083500Z-native-vm,compile.http,http,release,clean,rust,0,1,True,17.569168969499998,401620,57.92999999999999
20260925T083500Z-native-vm,compile.http,http,release,clean,rust,1,0,True,16.9598264828,402568,56.08
20260925T083500Z-native-vm,compile.http,http,release,clean,rust,1,1,True,17.5020249988,402812,57.7
20260925T083500Z-native-vm,compile.http,http,release,clean,rust,2,0,True,17.15549357988,402640,56.410000000000004
20260925T083500Z-native-vm,compile.http,http,release,clean,rust,2,1,True,16.91241806388,402564,56.86
20260925T083500Z-native-vm,compile.http,http,release,clean,rust,3,0,True,17.58615596028,402152,58.209999999999994
20260925T083500Z-native-vm,compile.http,http,release,clean,rust,3,1,True,17.43586607428,403248,57.46
20260925T083500Z-native-vm,compile.http,http,release,clean,rust,4,0,True,17.20060449924,402696,56.82
20260925T083500Z-native-vm,compile.http,http,release,clean,rust,4,1,True,16.93282306624,402460,56.739999999999995
20260925T083500Z-native-vm,compile.http,http,release,clean-std-cached,go,0,0,True,0.1449829105,29508,0.32999999999999996
20260925T083500Z-native-vm,compile.http,http,release,clean-std-cached,go,0,1,True,0.15277456150000002,29004,0.35
20260925T083500Z-native-vm,compile.http,http,release,clean-std-cached,go,1,0,True,0.16794692960000002,29940,0.41000000000000003
20260925T083500Z-native-vm,compile.http,http,release,clean-std-cached,go,1,1,True,0.16442865660000003,29684,0.38
20260925T083500Z-native-vm,compile.http,http,release,clean-std-cached,go,2,0,True,0.17055812442,29008,0.4
20260925T083500Z-native-vm,compile.http,http,release,clean-std-cached,go,2,1,True,0.16640484042,29520,0.37
20260925T083500Z-native-vm,compile.http,http,release,clean-std-cached,go,3,0,True,0.16238557804,29324,0.39
20260925T083500Z-native-vm,compile.http,http,release,clean-std-cached,go,3,1,True,0.16141122204,29380,0.37
20260925T083500Z-native-vm,compile.http,http,release,clean-std-cached,go,4,0,True,0.13768116322,30140,0.3
20260925T083500Z-native-vm,compile.http,http,release,clean-std-cached,go,4,1,True,0.14936067422000002,29296,0.36
20260925T083500Z-native-vm,compile.http,http,release,clean-std-cached,rust,0,0,True,17.35744576496,403256,57.39
20260925T083500Z-native-vm,compile.http,http,release,clean-std-cached,rust,0,1,True,16.76206745096,403448,55.84
20260925T083500Z-native-vm,compile.http,http,release,clean-std-cached,rust,1,0,True,17.37028512914,403412,56.59
20260925T083500Z-native-vm,compile.http,http,release,clean-std-cached,rust,1,1,True,17.18954028914,401604,56.839999999999996
20260925T083500Z-native-vm,compile.http,http,release,clean-std-cached,rust,2,0,True,17.85612158362,402592,58.03
20260925T083500Z-native-vm,compile.http,http,release,clean-std-cached,rust,2,1,True,16.98354917962,401076,56.38
20260925T083500Z-native-vm,compile.http,http,release,clean-std-cached,rust,3,0,True,18.00409610912,403704,58.81
20260925T083500Z-native-vm,compile.http,http,release,clean-std-cached,rust,3,1,True,17.85931435712,401768,58.599999999999994
20260925T083500Z-native-vm,compile.http,http,release,clean-std-cached,rust,4,0,True,16.843830712,401424,56.480000000000004
20260925T083500Z-native-vm,compile.http,http,release,clean-std-cached,rust,4,1,True,17.633354103,402060,57.980000000000004
20260925T083500Z-native-vm,compile.http,http,release,edit,go,0,0,True,0.5617942967,152652,0.94
20260925T083500Z-native-vm,compile.http,http,release,edit,go,0,1,True,0.5358754247,149036,0.87
20260925T083500Z-native-vm,compile.http,http,release,edit,go,1,0,True,0.54949700318,151020,0.9199999999999999
20260925T083500Z-native-vm,compile.http,http,release,edit,go,1,1,True,0.51556857318,150892,0.84
20260925T083500Z-native-vm,compile.http,http,release,edit,go,2,0,True,0.5527631484200001,150984,0.91
20260925T083500Z-native-vm,compile.http,http,release,edit,go,2,1,True,0.5590121294200001,150852,0.94
20260925T083500Z-native-vm,compile.http,http,release,edit,go,3,0,True,0.55481680458,151196,0.95
20260925T083500Z-native-vm,compile.http,http,release,edit,go,3,1,True,0.53534090458,152580,0.92
20260925T083500Z-native-vm,compile.http,http,release,edit,go,4,0,True,0.5765555144,149360,0.95
20260925T083500Z-native-vm,compile.http,http,release,edit,go,4,1,True,0.6567811934,148840,1.09
20260925T083500Z-native-vm,compile.http,http,release,edit,rust,0,0,True,2.39572002876,245616,6.84
20260925T083500Z-native-vm,compile.http,http,release,edit,rust,0,1,True,2.4610928327600003,245152,6.67
20260925T083500Z-native-vm,compile.http,http,release,edit,rust,1,0,True,2.4462655125,245156,6.73
20260925T083500Z-native-vm,compile.http,http,release,edit,rust,1,1,True,2.4715480045,245132,6.8100000000000005
20260925T083500Z-native-vm,compile.http,http,release,edit,rust,2,0,True,2.37806539476,245564,6.68
20260925T083500Z-native-vm,compile.http,http,release,edit,rust,2,1,True,2.29990307576,245476,6.55
20260925T083500Z-native-vm,compile.http,http,release,edit,rust,3,0,True,2.42196210532,244980,6.83
20260925T083500Z-native-vm,compile.http,http,release,edit,rust,3,1,True,2.43961883832,245212,6.83
20260925T083500Z-native-vm,compile.http,http,release,edit,rust,4,0,True,2.43916913882,245424,6.64
20260925T083500Z-native-vm,compile.http,http,release,edit,rust,4,1,True,2.2906947958200004,245504,6.57
20260925T083500Z-native-vm,compile.http,http,release,noop,go,0,0,True,0.1268870045,29344,0.3
20260925T083500Z-native-vm,compile.http,http,release,noop,go,0,1,True,0.1213313485,29532,0.27
20260925T083500Z-native-vm,compile.http,http,release,noop,go,1,0,True,0.1231881947,29320,0.29
20260925T083500Z-native-vm,compile.http,http,release,noop,go,1,1,True,0.1281371537,29148,0.30000000000000004
20260925T083500Z-native-vm,compile.http,http,release,noop,go,2,0,True,0.11829911528,29696,0.28
20260925T083500Z-native-vm,compile.http,http,release,noop,go,2,1,True,0.12024130528,28976,0.26
20260925T083500Z-native-vm,compile.http,http,release,noop,go,3,0,True,0.10383039162,29008,0.22999999999999998
20260925T083500Z-native-vm,compile.http,http,release,noop,go,3,1,True,0.11092767862,31932,0.24
20260925T083500Z-native-vm,compile.http,http,release,noop,go,4,0,True,0.11114295662000001,28896,0.25
20260925T083500Z-native-vm,compile.http,http,release,noop,go,4,1,True,0.10738408462000001,29648,0.25
20260925T083500Z-native-vm,compile.http,http,release,noop,rust,0,0,True,0.17436695782,53896,0.16
20260925T083500Z-native-vm,compile.http,http,release,noop,rust,0,1,True,0.12515672982,53896,0.12
20260925T083500Z-native-vm,compile.http,http,release,noop,rust,1,0,True,0.12624018456,54276,0.11
20260925T083500Z-native-vm,compile.http,http,release,noop,rust,1,1,True,0.15613591856,53744,0.14
20260925T083500Z-native-vm,compile.http,http,release,noop,rust,2,0,True,0.12142457094,53808,0.11
20260925T083500Z-native-vm,compile.http,http,release,noop,rust,2,1,True,0.12501287894,53796,0.12
20260925T083500Z-native-vm,compile.http,http,release,noop,rust,3,0,True,0.12412240722,54140,0.11
20260925T083500Z-native-vm,compile.http,http,release,noop,rust,3,1,True,0.13697852422,53944,0.11
20260925T083500Z-native-vm,compile.http,http,release,noop,rust,4,0,True,0.11978611406,53852,0.11
20260925T083500Z-native-vm,compile.http,http,release,noop,rust,4,1,True,0.14085256806000002,53984,0.13
20260925T083500Z-native-vm,compile.http-check,http,check,clean,rust,0,0,True,10.53349408184,331812,25.54
20260925T083500Z-native-vm,compile.http-check,http,check,clean,rust,0,1,True,10.44144522484,330960,25.009999999999998
20260925T083500Z-native-vm,compile.http-check,http,check,clean,rust,1,0,True,10.60983340858,332352,25.63
20260925T083500Z-native-vm,compile.http-check,http,check,clean,rust,1,1,True,10.34863652258,331048,24.89
20260925T083500Z-native-vm,compile.http-check,http,check,clean,rust,2,0,True,10.3402352086,331768,24.990000000000002
20260925T083500Z-native-vm,compile.http-check,http,check,clean,rust,2,1,True,10.8118228206,330992,25.369999999999997
20260925T083500Z-native-vm,compile.http-check,http,check,clean,rust,3,0,True,10.41379326406,330736,24.630000000000003
20260925T083500Z-native-vm,compile.http-check,http,check,clean,rust,3,1,True,11.24819413806,331680,26.580000000000002
20260925T083500Z-native-vm,compile.http-check,http,check,clean,rust,4,0,True,10.93872457234,331648,26.2
20260925T083500Z-native-vm,compile.http-check,http,check,clean,rust,4,1,True,10.79514746334,331976,25.41
20260925T083500Z-native-vm,compile.http-check,http,check,edit,rust,0,0,True,0.30224832344,121944,0.3
20260925T083500Z-native-vm,compile.http-check,http,check,edit,rust,0,1,True,0.26832202843999997,121880,0.25
20260925T083500Z-native-vm,compile.http-check,http,check,edit,rust,1,0,True,0.27010657718000003,121780,0.26
20260925T083500Z-native-vm,compile.http-check,http,check,edit,rust,1,1,True,0.26096353518000004,121936,0.25
20260925T083500Z-native-vm,compile.http-check,http,check,edit,rust,2,0,True,0.27773897704,121864,0.27
20260925T083500Z-native-vm,compile.http-check,http,check,edit,rust,2,1,True,0.25156349904,121616,0.24
20260925T083500Z-native-vm,compile.http-check,http,check,edit,rust,3,0,True,0.2741933107,121668,0.26
20260925T083500Z-native-vm,compile.http-check,http,check,edit,rust,3,1,True,0.2603599197,121696,0.25
20260925T083500Z-native-vm,compile.http-check,http,check,edit,rust,4,0,True,0.25099964198,121748,0.24
20260925T083500Z-native-vm,compile.http-check,http,check,edit,rust,4,1,True,0.24609306598000003,121668,0.24
20260925T083500Z-native-vm,compile.http-check,http,check,noop,rust,0,0,True,0.13820734812,54172,0.13
20260925T083500Z-native-vm,compile.http-check,http,check,noop,rust,0,1,True,0.14681247612,53844,0.14
20260925T083500Z-native-vm,compile.http-check,http,check,noop,rust,1,0,True,0.11797162498,53864,0.11
20260925T083500Z-native-vm,compile.http-check,http,check,noop,rust,1,1,True,0.12559889998,53760,0.12
20260925T083500Z-native-vm,compile.http-check,http,check,noop,rust,2,0,True,0.12665837656000004,53904,0.11
20260925T083500Z-native-vm,compile.http-check,http,check,noop,rust,2,1,True,0.12812060956000001,53660,0.12
20260925T083500Z-native-vm,compile.http-check,http,check,noop,rust,3,0,True,0.15617033408,53636,0.13
20260925T083500Z-native-vm,compile.http-check,http,check,noop,rust,3,1,True,0.14137715408,53804,0.13
20260925T083500Z-native-vm,compile.http-check,http,check,noop,rust,4,0,True,0.12493197780000001,53768,0.11000000000000001
20260925T083500Z-native-vm,compile.http-check,http,check,noop,rust,4,1,True,0.1250746298,53612,0.11000000000000001
20260925T083500Z-native-vm,compile.http-dev,http,dev,clean,go,0,0,True,12.96071425832,273204,39.25
20260925T083500Z-native-vm,compile.http-dev,http,dev,clean,go,0,1,True,12.79756724332,282120,39.0
20260925T083500Z-native-vm,compile.http-dev,http,dev,clean,go,1,0,True,12.78149966072,269172,38.81
20260925T083500Z-native-vm,compile.http-dev,http,dev,clean,go,1,1,True,13.51193250472,279960,41.029999999999994
20260925T083500Z-native-vm,compile.http-dev,http,dev,clean,go,2,0,True,13.21884192716,274316,40.64
20260925T083500Z-native-vm,compile.http-dev,http,dev,clean,go,2,1,True,12.700886244160001,276704,39.040000000000006
20260925T083500Z-native-vm,compile.http-dev,http,dev,clean,go,3,0,True,13.2067188395,279692,40.190000000000005
20260925T083500Z-native-vm,compile.http-dev,http,dev,clean,go,3,1,True,12.9013610795,270052,39.6
20260925T083500Z-native-vm,compile.http-dev,http,dev,clean,go,4,0,True,12.9585969503,277948,39.300000000000004
20260925T083500Z-native-vm,compile.http-dev,http,dev,clean,go,4,1,True,12.4357393223,277256,38.51
20260925T083500Z-native-vm,compile.http-dev,http,dev,clean,rust,0,0,True,13.651925695380001,397176,37.22
20260925T083500Z-native-vm,compile.http-dev,http,dev,clean,rust,0,1,True,14.84241128338,398688,39.190000000000005
20260925T083500Z-native-vm,compile.http-dev,http,dev,clean,rust,1,0,True,14.0716944867,396164,37.96
20260925T083500Z-native-vm,compile.http-dev,http,dev,clean,rust,1,1,True,14.6194910967,394216,38.75
20260925T083500Z-native-vm,compile.http-dev,http,dev,clean,rust,2,0,True,14.475015255799999,400704,38.28
20260925T083500Z-native-vm,compile.http-dev,http,dev,clean,rust,2,1,True,14.2122460998,395012,37.61
20260925T083500Z-native-vm,compile.http-dev,http,dev,clean,rust,3,0,True,14.02129705426,395268,38.72
20260925T083500Z-native-vm,compile.http-dev,http,dev,clean,rust,3,1,True,13.74937042026,394476,37.19
20260925T083500Z-native-vm,compile.http-dev,http,dev,clean,rust,4,0,True,14.130837333,397956,37.519999999999996
20260925T083500Z-native-vm,compile.http-dev,http,dev,clean,rust,4,1,True,15.038691617,398244,39.46
20260925T083500Z-native-vm,compile.http-dev,http,dev,edit,go,0,0,True,0.58257134416,151604,0.98
20260925T083500Z-native-vm,compile.http-dev,http,dev,edit,go,0,1,True,0.5648261961600001,151364,0.95
20260925T083500Z-native-vm,compile.http-dev,http,dev,edit,go,1,0,True,0.56713875616,148456,0.97
20260925T083500Z-native-vm,compile.http-dev,http,dev,edit,go,1,1,True,0.58329623416,149036,0.96
20260925T083500Z-native-vm,compile.http-dev,http,dev,edit,go,2,0,True,0.6015028578,148752,0.99
20260925T083500Z-native-vm,compile.http-dev,http,dev,edit,go,2,1,True,0.5804934208000001,147808,0.97
20260925T083500Z-native-vm,compile.http-dev,http,dev,edit,go,3,0,True,0.53351467674,147564,0.88
20260925T083500Z-native-vm,compile.http-dev,http,dev,edit,go,3,1,True,0.58967469574,152320,0.99
20260925T083500Z-native-vm,compile.http-dev,http,dev,edit,go,4,0,True,0.5150941009000001,151540,0.86
20260925T083500Z-native-vm,compile.http-dev,http,dev,edit,go,4,1,True,0.49089904390000005,147420,0.8400000000000001
20260925T083500Z-native-vm,compile.http-dev,http,dev,edit,rust,0,0,True,0.64573088176,183388,0.8899999999999999
20260925T083500Z-native-vm,compile.http-dev,http,dev,edit,rust,0,1,True,0.60641645876,183328,0.8200000000000001
20260925T083500Z-native-vm,compile.http-dev,http,dev,edit,rust,1,0,True,0.6130964947,183384,0.83
20260925T083500Z-native-vm,compile.http-dev,http,dev,edit,rust,1,1,True,0.5941569397,183384,0.81
20260925T083500Z-native-vm,compile.http-dev,http,dev,edit,rust,2,0,True,0.57808125186,183380,0.81
20260925T083500Z-native-vm,compile.http-dev,http,dev,edit,rust,2,1,True,0.60666945786,182968,0.83
20260925T083500Z-native-vm,compile.http-dev,http,dev,edit,rust,3,0,True,0.63824070568,183144,0.86
20260925T083500Z-native-vm,compile.http-dev,http,dev,edit,rust,3,1,True,0.62529925068,183452,0.86
20260925T083500Z-native-vm,compile.http-dev,http,dev,edit,rust,4,0,True,0.6188169805,183028,0.8500000000000001
20260925T083500Z-native-vm,compile.http-dev,http,dev,edit,rust,4,1,True,0.6375253015000001,183252,0.8799999999999999
20260925T083500Z-native-vm,compile.http-dev,http,dev,noop,go,0,0,True,0.1121587935,29252,0.26
20260925T083500Z-native-vm,compile.http-dev,http,dev,noop,go,0,1,True,0.11403503450000001,28732,0.27
20260925T083500Z-native-vm,compile.http-dev,http,dev,noop,go,1,0,True,0.11710142768000001,28992,0.29000000000000004
20260925T083500Z-native-vm,compile.http-dev,http,dev,noop,go,1,1,True,0.11289736668000001,29244,0.26
20260925T083500Z-native-vm,compile.http-dev,http,dev,noop,go,2,0,True,0.1072564982,29004,0.26
20260925T083500Z-native-vm,compile.http-dev,http,dev,noop,go,2,1,True,0.1186600682,29296,0.29000000000000004
20260925T083500Z-native-vm,compile.http-dev,http,dev,noop,go,3,0,True,0.1229069438,29596,0.27
20260925T083500Z-native-vm,compile.http-dev,http,dev,noop,go,3,1,True,0.1072840228,29272,0.25
20260925T083500Z-native-vm,compile.http-dev,http,dev,noop,go,4,0,True,0.11221894532000001,29332,0.26
20260925T083500Z-native-vm,compile.http-dev,http,dev,noop,go,4,1,True,0.12147236532000001,29232,0.29000000000000004
20260925T083500Z-native-vm,compile.http-dev,http,dev,noop,rust,0,0,True,0.1272595256,53736,0.11
20260925T083500Z-native-vm,compile.http-dev,http,dev,noop,rust,0,1,True,0.16376993860000003,54372,0.15000000000000002
20260925T083500Z-native-vm,compile.http-dev,http,dev,noop,rust,1,0,True,0.12488710796,53888,0.11
20260925T083500Z-native-vm,compile.http-dev,http,dev,noop,rust,1,1,True,0.16411786396,54356,0.16
20260925T083500Z-native-vm,compile.http-dev,http,dev,noop,rust,2,0,True,0.12327889992,53744,0.11000000000000001
20260925T083500Z-native-vm,compile.http-dev,http,dev,noop,rust,2,1,True,0.14435290792,53836,0.13
20260925T083500Z-native-vm,compile.http-dev,http,dev,noop,rust,3,0,True,0.1408075982,54152,0.13
20260925T083500Z-native-vm,compile.http-dev,http,dev,noop,rust,3,1,True,0.12379493620000002,53648,0.11
20260925T083500Z-native-vm,compile.http-dev,http,dev,noop,rust,4,0,True,0.13549065804000002,53656,0.12
20260925T083500Z-native-vm,compile.http-dev,http,dev,noop,rust,4,1,True,0.13322404004000002,53836,0.12
20260925T083500Z-native-vm,compile.suite,suite,release,clean,go,0,0,True,35.69755077138,1208860,120.60999999999999
20260925T083500Z-native-vm,compile.suite,suite,release,clean,go,0,1,True,35.68351889838,1254348,122.33
20260925T083500Z-native-vm,compile.suite,suite,release,clean,go,1,0,True,35.990960385120005,1221836,121.87
20260925T083500Z-native-vm,compile.suite,suite,release,clean,go,1,1,True,35.84756785212,1259464,120.78999999999999
20260925T083500Z-native-vm,compile.suite,suite,release,clean,go,2,0,True,34.684596306239996,1208924,116.28999999999999
20260925T083500Z-native-vm,compile.suite,suite,release,clean,go,2,1,True,34.26887857224,1259312,116.03
20260925T083500Z-native-vm,compile.suite,suite,release,clean,go,3,0,True,34.49372734076,1192156,116.78999999999999
20260925T083500Z-native-vm,compile.suite,suite,release,clean,go,3,1,True,34.21158333276,1244700,116.74000000000001
20260925T083500Z-native-vm,compile.suite,suite,release,clean,go,4,0,True,34.5390012891,1213792,116.62
20260925T083500Z-native-vm,compile.suite,suite,release,clean,go,4,1,True,34.6184210631,1231480,117.87
20260925T083500Z-native-vm,compile.suite,suite,release,clean,rust,0,0,True,64.84660226993999,429196,240.41
20260925T083500Z-native-vm,compile.suite,suite,release,clean,rust,0,1,True,63.26811025794,428736,234.96
20260925T083500Z-native-vm,compile.suite,suite,release,clean,rust,1,0,True,63.94170178212,430208,237.97000000000003
20260925T083500Z-native-vm,compile.suite,suite,release,clean,rust,1,1,True,64.68896938112,428060,239.87
20260925T083500Z-native-vm,compile.suite,suite,release,clean,rust,2,0,True,64.48793429232,428952,239.89999999999998
20260925T083500Z-native-vm,compile.suite,suite,release,clean,rust,2,1,True,62.719166966319996,428936,233.14
20260925T083500Z-native-vm,compile.suite,suite,release,clean,rust,3,0,True,62.03280444608,429300,231.1
20260925T083500Z-native-vm,compile.suite,suite,release,clean,rust,3,1,True,62.82003340208,428740,232.41
20260925T083500Z-native-vm,compile.suite,suite,release,clean,rust,4,0,True,63.8050111682,429672,236.97
20260925T083500Z-native-vm,compile.suite,suite,release,clean,rust,4,1,True,63.768671653199995,429280,235.54000000000002
20260925T083500Z-native-vm,compile.suite,suite,release,clean-std-cached,go,0,0,True,22.11185315122,1197624,72.83
20260925T083500Z-native-vm,compile.suite,suite,release,clean-std-cached,go,0,1,True,21.72588894322,1257568,73.33
20260925T083500Z-native-vm,compile.suite,suite,release,clean-std-cached,go,1,0,True,21.80304535246,1260340,72.75
20260925T083500Z-native-vm,compile.suite,suite,release,clean-std-cached,go,1,1,True,21.82769279146,1213112,73.25
20260925T083500Z-native-vm,compile.suite,suite,release,clean-std-cached,go,2,0,True,21.67825592574,1268092,72.9
20260925T083500Z-native-vm,compile.suite,suite,release,clean-std-cached,go,2,1,True,21.91072769774,1214356,72.31
20260925T083500Z-native-vm,compile.suite,suite,release,clean-std-cached,go,3,0,True,22.66040271868,1214388,74.34
20260925T083500Z-native-vm,compile.suite,suite,release,clean-std-cached,go,3,1,True,21.50354371668,1252372,72.44
20260925T083500Z-native-vm,compile.suite,suite,release,clean-std-cached,go,4,0,True,21.82007052994,1245240,73.24000000000001
20260925T083500Z-native-vm,compile.suite,suite,release,clean-std-cached,go,4,1,True,22.14647317994,1270880,74.31
20260925T083500Z-native-vm,compile.suite,suite,release,clean-std-cached,rust,0,0,True,64.85132799946,429292,240.19
20260925T083500Z-native-vm,compile.suite,suite,release,clean-std-cached,rust,0,1,True,64.14961611945999,428936,237.98000000000002
20260925T083500Z-native-vm,compile.suite,suite,release,clean-std-cached,rust,1,0,True,62.7252869173,429540,233.91
20260925T083500Z-native-vm,compile.suite,suite,release,clean-std-cached,rust,1,1,True,63.521890404299995,429096,236.26000000000002
20260925T083500Z-native-vm,compile.suite,suite,release,clean-std-cached,rust,2,0,True,62.4446342775,428944,232.26
20260925T083500Z-native-vm,compile.suite,suite,release,clean-std-cached,rust,2,1,True,63.4574063515,430132,235.05
20260925T083500Z-native-vm,compile.suite,suite,release,clean-std-cached,rust,3,0,True,63.937835436140006,428724,237.22
20260925T083500Z-native-vm,compile.suite,suite,release,clean-std-cached,rust,3,1,True,63.74739530314,428200,236.98000000000002
20260925T083500Z-native-vm,compile.suite,suite,release,clean-std-cached,rust,4,0,True,65.68323229869999,428784,241.9
20260925T083500Z-native-vm,compile.suite,suite,release,clean-std-cached,rust,4,1,True,64.5523498787,428988,239.04000000000002
20260925T083500Z-native-vm,compile.suite,suite,release,edit,go,0,0,True,1.14877172972,152616,3.58
20260925T083500Z-native-vm,compile.suite,suite,release,edit,go,0,1,True,1.23188435272,155468,3.74
20260925T083500Z-native-vm,compile.suite,suite,release,edit,go,1,0,True,1.18630285776,154472,3.66
20260925T083500Z-native-vm,compile.suite,suite,release,edit,go,1,1,True,1.22411005176,155700,3.8000000000000003
20260925T083500Z-native-vm,compile.suite,suite,release,edit,go,2,0,True,1.20253929782,155616,3.6
20260925T083500Z-native-vm,compile.suite,suite,release,edit,go,2,1,True,1.19707069182,153508,3.67
20260925T083500Z-native-vm,compile.suite,suite,release,edit,go,3,0,True,1.1979960082399999,152164,3.72
20260925T083500Z-native-vm,compile.suite,suite,release,edit,go,3,1,True,1.16564312424,152788,3.5700000000000003
20260925T083500Z-native-vm,compile.suite,suite,release,edit,go,4,0,True,1.14750891836,155276,3.64
20260925T083500Z-native-vm,compile.suite,suite,release,edit,go,4,1,True,1.22334564736,152756,3.7800000000000002
20260925T083500Z-native-vm,compile.suite,suite,release,edit,rust,0,0,True,11.221378705480001,289488,37.83
20260925T083500Z-native-vm,compile.suite,suite,release,edit,rust,0,1,True,10.75725162048,289904,37.78
20260925T083500Z-native-vm,compile.suite,suite,release,edit,rust,1,0,True,10.6459104064,289308,37.6
20260925T083500Z-native-vm,compile.suite,suite,release,edit,rust,1,1,True,10.8502900064,291372,38.040000000000006
20260925T083500Z-native-vm,compile.suite,suite,release,edit,rust,2,0,True,10.80778024844,289196,38.47
20260925T083500Z-native-vm,compile.suite,suite,release,edit,rust,2,1,True,10.730734434439999,289972,38.16
20260925T083500Z-native-vm,compile.suite,suite,release,edit,rust,3,0,True,11.75985302308,289168,39.11
20260925T083500Z-native-vm,compile.suite,suite,release,edit,rust,3,1,True,10.42998119308,289944,37.23
20260925T083500Z-native-vm,compile.suite,suite,release,edit,rust,4,0,True,11.30450777734,290132,37.949999999999996
20260925T083500Z-native-vm,compile.suite,suite,release,edit,rust,4,1,True,11.00838301434,288396,37.51
20260925T083500Z-native-vm,compile.suite,suite,release,noop,go,0,0,True,0.15636466222,38528,0.41000000000000003
20260925T083500Z-native-vm,compile.suite,suite,release,noop,go,0,1,True,0.16441595422,39236,0.42000000000000004
20260925T083500Z-native-vm,compile.suite,suite,release,noop,go,1,0,True,0.16437976414000002,38908,0.43
20260925T083500Z-native-vm,compile.suite,suite,release,noop,go,1,1,True,0.17591301614000002,38800,0.44999999999999996
20260925T083500Z-native-vm,compile.suite,suite,release,noop,go,2,0,True,0.17583270978,40116,0.45999999999999996
20260925T083500Z-native-vm,compile.suite,suite,release,noop,go,2,1,True,0.16252116178,39356,0.43
20260925T083500Z-native-vm,compile.suite,suite,release,noop,go,3,0,True,0.18002203222,38556,0.46
20260925T083500Z-native-vm,compile.suite,suite,release,noop,go,3,1,True,0.17699436122,38256,0.45
20260925T083500Z-native-vm,compile.suite,suite,release,noop,go,4,0,True,0.17723610256,39224,0.44999999999999996
20260925T083500Z-native-vm,compile.suite,suite,release,noop,go,4,1,True,0.17402317356,39832,0.43000000000000005
20260925T083500Z-native-vm,compile.suite,suite,release,noop,rust,0,0,True,0.18795037398,70852,0.18
20260925T083500Z-native-vm,compile.suite,suite,release,noop,rust,0,1,True,0.20835291498,70928,0.19
20260925T083500Z-native-vm,compile.suite,suite,release,noop,rust,1,0,True,0.2081668802,70888,0.2
20260925T083500Z-native-vm,compile.suite,suite,release,noop,rust,1,1,True,0.2031102982,71092,0.19
20260925T083500Z-native-vm,compile.suite,suite,release,noop,rust,2,0,True,0.19241812154000001,70992,0.18
20260925T083500Z-native-vm,compile.suite,suite,release,noop,rust,2,1,True,0.19429682854000002,70960,0.18
20260925T083500Z-native-vm,compile.suite,suite,release,noop,rust,3,0,True,0.19718284442000003,71508,0.19
20260925T083500Z-native-vm,compile.suite,suite,release,noop,rust,3,1,True,0.19992880642000002,71332,0.19
20260925T083500Z-native-vm,compile.suite,suite,release,noop,rust,4,0,True,0.18543676326000003,71056,0.18
20260925T083500Z-native-vm,compile.suite,suite,release,noop,rust,4,1,True,0.20620396926,71208,0.19
