run_id,workload,tier,test,level,connections,rate_frac,target_rps,lang,impl,round,ok,flags,error,rps,requests,error_count,error_rate,lat_mean_us,lat_max_us,server_cpu_util,requests_per_cpu_second,server_rss_avg_kb,server_rss_peak_kb,server_hwm_kb,server_threads_max,loadgen_cpu_util,steal_server,server_ready_ms,lat_p50_us,lat_p75_us,lat_p90_us,lat_p95_us,lat_p99_us,lat_p99.9_us,lat_p99.99_us
20260925T083500Z-native-vm,http.users,primary,latency,r25,100,0.25,12833.524805217907,go,http,0,True,,,12807.048432423178,768431,0,0.0,1112.536,25056,0.7106267609191282,18022.187084340134,13114.00614045036,13672,13676,6,0.4486648585098981,0.007902115727759368,8.073792,1060,1461,1769,1961,2627,8519,19295
20260925T083500Z-native-vm,http.users,primary,latency,r25,100,0.25,12833.524805217907,go,http,1,True,,,12807.057166327895,768430,0,0.0,1103.804,28576,0.714642934091276,17920.917643456534,13280.301647334989,13448,13472,6,0.46299795138068117,0.006879565143536606,9.199867,1056,1459,1767,1953,2483,6063,20975
20260925T083500Z-native-vm,http.users,primary,latency,r25,100,0.25,12833.524805217907,go,http,2,True,,,12807.040055391597,768428,0,0.0,1101.219,18192,0.7025942815906216,18228.215615984525,13160.242514358888,13776,13776,6,0.4540125783730825,0.008379888268156424,8.075933,1056,1456,1760,1946,2539,6631,13527
20260925T083500Z-native-vm,http.users,primary,latency,r25,100,0.25,12833.524805217907,rust,http-axum,0,True,,,12712.00811553136,762752,0,0.0,1068.687,22384,0.4205851756028277,30224.57483745391,6529.288599391608,6540,6808,3,0.35482909135745994,0.006486486486486486,7.867614,1037,1412,1703,1875,2275,5095,13919
20260925T083500Z-native-vm,http.users,primary,latency,r25,100,0.25,12833.524805217907,rust,http-axum,1,True,,,12712.224403624523,762800,0,0.0,1127.464,33856,0.4411706442157278,28814.755855351923,6589.153673441997,6696,6756,3,0.3568310706913028,0.0051589282742552835,7.913883,1069,1477,1803,1996,2433,11295,28863
20260925T083500Z-native-vm,http.users,primary,latency,r25,100,0.25,12833.524805217907,rust,http-axum,2,True,,,12711.699097754754,762775,0,0.0,1115.753,13464,0.40920386415767906,31064.464955434873,6814.594443281901,6832,7020,3,0.33416568215887277,0.005933974091099039,7.947592,1074,1477,1806,2002,2435,5011,11183
20260925T083500Z-native-vm,http.users,primary,latency,r50,100,0.5,25667.049610435814,go,http,0,True,,,25425.035000078497,1525535,0,0.0,1467.215,32704,1.0876980418711832,23375.085751133127,13204.50277769541,13512,13824,7,0.6518312483750384,0.009223999323009224,8.428555,1287,1789,2345,2925,5627,13151,27935
20260925T083500Z-native-vm,http.users,primary,latency,r50,100,0.5,25667.049610435814,go,http,1,True,,,25614.239762670622,1536880,0,0.0,1434.968,25200,1.0980744469627528,23326.5056240212,13072.49266341764,13160,13280,6,0.6856646133868431,0.009445200816882233,7.902035,1266,1780,2323,2849,5435,10831,17519
20260925T083500Z-native-vm,http.users,primary,latency,r50,100,0.5,25667.049610435814,go,http,2,True,,,25614.257265454708,1536880,0,0.0,1450.996,23968,1.1323894177670197,22619.654390592903,13305.450693976618,13552,13608,6,0.7018291338217396,0.010114107883817428,8.113035,1281,1805,2357,2893,5399,10135,16959
20260925T083500Z-native-vm,http.users,primary,latency,r50,100,0.5,25667.049610435814,rust,http-axum,0,True,,,25614.512862880445,1536898,0,0.0,1147.074,44960,0.7017578331963735,36500.501528014596,6275.165766411188,6408,6536,3,0.5983292330429322,0.00727802037845706,8.592463,1069,1496,1841,2057,2595,11943,38111
20260925T083500Z-native-vm,http.users,primary,latency,r50,100,0.5,25667.049610435814,rust,http-axum,1,True,,,25614.038918124505,1536844,0,0.0,11224.101,1003008,0.7238495434920662,35385.86042971684,6581.194877594083,6704,6704,3,0.6153321141963266,0.007893677003624647,8.281036,1101,1541,1929,2221,505343,952831,997375
20260925T083500Z-native-vm,http.users,primary,latency,r50,100,0.5,25667.049610435814,rust,http-axum,2,True,,,25614.497563425964,1536902,0,0.0,1164.696,40320,0.7255224447748285,35304.90027965382,6607.548209201561,6712,6712,3,0.6181774695446121,0.006366860090264346,7.933921,1096,1532,1885,2099,2601,6115,34687
20260925T083500Z-native-vm,http.users,primary,latency,r75,100,0.75,38500.57441565372,go,http,0,True,,,38137.56419823307,2288250,0,0.0,2158.238,39456,1.4564024232913224,26186.144425691098,13242.348771419991,13564,13600,6,0.9068318150550531,0.010173548773189706,7.92256,1628,2469,4009,5811,10527,19983,30255
20260925T083500Z-native-vm,http.users,primary,latency,r75,100,0.75,38500.57441565372,go,http,1,True,,,38421.12499124375,2305267,0,0.0,2299.088,60544,1.5054363741188503,25521.58673177542,13255.789316782482,13624,13728,7,0.9341477300286808,0.008013640238704177,8.577675,1620,2513,4215,6235,13471,31375,45503
20260925T083500Z-native-vm,http.users,primary,latency,r75,100,0.75,38500.57441565372,go,http,2,True,,,38418.46849427183,2305103,0,0.0,1912.193,49120,1.4858580572538327,25856.08248830777,12899.591852117299,13144,13416,8,0.9173311347352251,0.010700222564629344,8.048166,1502,2225,3305,4487,8551,24527,36223
20260925T083500Z-native-vm,http.users,primary,latency,r75,100,0.75,38500.57441565372,rust,http-axum,0,True,,,38420.51842728502,2305258,0,0.0,1340.008,17104,0.9663590396878494,39758.01627487802,6645.414075545083,6792,6832,3,0.7848297944442267,0.008856149644098659,8.268797,1229,1730,2179,2457,3307,8535,12671
20260925T083500Z-native-vm,http.users,primary,latency,r75,100,0.75,38500.57441565372,rust,http-axum,1,True,,,38420.55679411803,2305255,0,0.0,1401.405,80896,0.9474447063893224,40551.76680498578,6336.366581073809,6496,6596,3,0.7804972455211543,0.006777472970792319,8.046612,1198,1697,2123,2387,3379,41791,72703
20260925T083500Z-native-vm,http.users,primary,latency,r75,100,0.75,38500.57441565372,rust,http-axum,2,True,,,38420.969579661614,2305278,0,0.0,1299.127,14728,0.970882237688037,39573.25418904925,6700.218429368681,6712,6744,3,0.7861640070607281,0.007085844600097735,8.401712,1211,1702,2123,2375,2955,5527,9815
20260925T083500Z-native-vm,http.users,primary,latency,r90,100,0.9,46200.68929878446,go,http,0,True,,,46104.36757789711,2766313,0,0.0,3454.409,66176,1.6895384172866572,27288.143972446152,13199.077491361617,13324,13780,6,1.0489975067951758,0.009866163349347975,8.052344,1900,3387,7315,12191,27215,41663,54783
20260925T083500Z-native-vm,http.users,primary,latency,r90,100,0.9,46200.68929878446,go,http,1,True,,,46103.67731549222,2766214,0,0.0,3274.24,81664,1.6478622863252714,27977.870297828893,13036.643431360955,13540,13600,6,1.03215817517017,0.010129624860503048,8.537363,1834,3225,6651,10311,27039,55903,66751
20260925T083500Z-native-vm,http.users,primary,latency,r90,100,0.9,46200.68929878446,go,http,2,True,,,46103.207574151005,2766186,0,0.0,3577.039,71040,1.6830145201466176,27393.232216519842,13200.076086644678,13452,13500,7,1.0499971300778443,0.01194845096867799,8.035659,1973,3641,7775,12079,27439,45695,59551
20260925T083500Z-native-vm,http.users,primary,latency,r90,100,0.9,46200.68929878446,rust,http-axum,0,True,,,46103.817793168404,2766263,0,0.0,1521.867,169472,1.1313734086027387,40750.31058941648,6395.551781331793,6520,6592,3,0.8903296427982533,0.01152243196861976,8.471247,1275,1792,2323,2737,6111,32351,56671
20260925T083500Z-native-vm,http.users,primary,latency,r90,100,0.9,46200.68929878446,rust,http-axum,1,True,,,46104.81725092776,2766322,0,0.0,1568.308,65920,1.144433786300719,40286.13782887126,6357.390029106164,6564,6576,3,0.8953179102438062,0.008344923504867872,8.416453,1283,1798,2327,2713,4759,50175,59935
20260925T083500Z-native-vm,http.users,primary,latency,r90,100,0.9,46200.68929878446,rust,http-axum,2,True,,,46104.66396876003,2766330,0,0.0,1385.555,20016,1.126036053649414,40944.216501183626,6651.566847494805,6720,6740,3,0.8929961198872092,0.008979591836734694,8.056415,1267,1772,2271,2617,3419,9743,15047
20260925T083500Z-native-vm,http.users,primary,throughput,c1,1,,,go,http,0,True,,,9086.012099489059,273490,0,0.0,112.657,7501,1.03025179536635,8819.215011664348,11861.798524074058,12048,12156,6,0.29933073188985326,0.008638853771597134,8.29739,96,122,149,169,330,1877,4533
20260925T083500Z-native-vm,http.users,primary,throughput,c1,1,,,go,http,1,True,,,8729.517611357813,261904,0,0.0,124.773,8483,1.0208440291535394,8551.274594411967,12066.352221233125,12640,12640,6,0.3003313102315503,0.00989057239057239,8.117368,99,127,156,183,516,3467,6708
20260925T083500Z-native-vm,http.users,primary,throughput,c1,1,,,go,http,2,True,,,8729.720398579335,262762,0,0.0,123.355,9666,1.0272174962912137,8498.414824609335,11937.377899509953,12188,12228,6,0.2993310782428338,0.010025062656641603,8.298803,99,127,157,184,471,3271,6816
20260925T083500Z-native-vm,http.users,primary,throughput,c1,1,,,go,http,3,True,,,8555.085922183549,256774,0,0.0,145.861,36542,1.0302518390697932,8303.878331251388,11907.661494419925,12204,12212,5,0.29933187612589396,0.009964708324683413,8.092362,102,130,160,188,539,6996,33526
20260925T083500Z-native-vm,http.users,primary,throughput,c1,1,,,go,http,4,True,,,8803.76206793895,264168,0,0.0,123.76,9546,1.0238634290754096,8598.57068621848,11929.072234854566,12176,12216,6,0.2973310418921928,0.009688289806234204,8.08147,98,126,155,181,513,3400,6838
20260925T083500Z-native-vm,http.users,primary,throughput,c1,1,,,rust,http-axum,0,True,,,13255.307642893771,397671,0,0.0,77.643,6526,0.5589925943887648,23712.85018075758,3388.0,3388,3712,3,0.4456642875175787,0.003959373386124979,8.879437,66,71,85,103,239,1746,4099
20260925T083500Z-native-vm,http.users,primary,throughput,c1,1,,,rust,http-axum,1,True,,,13055.654697861926,392973,0,0.0,83.155,6668,0.5579842303214811,23397.891890851366,3396.0,3396,3652,3,0.4413299051267633,0.005983928876731065,8.309308,67,73,88,108,386,2312,4364
20260925T083500Z-native-vm,http.users,primary,throughput,c1,1,,,rust,http-axum,2,True,,,12912.637196311909,387406,0,0.0,79.534,6588,0.5586546930816718,23113.807788998853,3596.0,3596,3676,3,0.4426628848353318,0.004299965600275198,8.237865,68,74,89,107,241,1714,4510
20260925T083500Z-native-vm,http.users,primary,throughput,c1,1,,,rust,http-axum,3,True,,,12843.981653311857,385333,0,0.0,88.008,19212,0.5576449705883835,23032.542801847365,3584.0,3584,3656,3,0.4459947788283232,0.004107479034742427,8.124146,69,74,88,106,274,3228,16209
20260925T083500Z-native-vm,http.users,primary,throughput,c1,1,,,rust,http-axum,4,True,,,13027.230406563078,392120,0,0.0,89.522,22383,0.5589918888739781,23304.86482157168,3452.0,3452,3652,3,0.44099658114460494,0.005157297576070139,8.604588,68,73,88,105,284,3752,19419
20260925T083500Z-native-vm,http.users,primary,throughput,c10,10,,,go,http,0,True,,,41566.36494948887,1251131,0,0.0,396.651,10990,1.614450778308554,25746.443005860845,12316.54000346493,12504,12872,6,0.7153273906079703,0.00928521373510862,7.895482,205,337,639,1706,4021,5323,8243
20260925T083500Z-native-vm,http.users,primary,throughput,c10,10,,,go,http,1,True,,,41324.76730555507,1243875,0,0.0,400.819,12759,1.621504995904993,25485.439397299502,12213.614794017985,12676,12732,6,0.7329937581916521,0.009761199233048632,7.791608,206,338,649,1777,4027,5175,7976
20260925T083500Z-native-vm,http.users,primary,throughput,c10,10,,,go,http,2,True,,,39881.27938712911,1200423,0,0.0,411.015,17317,1.602358535858427,24889.110954037278,12357.410854900361,12616,12624,6,0.7229973933051982,0.010452961672473868,8.0401,214,353,674,1795,4040,5001,9506
20260925T083500Z-native-vm,http.users,primary,throughput,c10,10,,,go,http,3,True,,,39070.0248886772,1173984,0,0.0,519.036,88340,1.5717667684101806,24857.393395710973,12448.153315798565,12652,12652,6,0.7066625602269737,0.010495014867937729,8.037961,218,363,728,2133,4266,40827,81203
20260925T083500Z-native-vm,http.users,primary,throughput,c10,10,,,go,http,4,True,,,40615.10439969749,1218764,0,0.0,408.671,12993,1.613105662006467,25178.204600173714,12346.957338996504,12688,12840,6,0.7143290477162115,0.01011333914559721,7.986172,211,346,660,1819,4057,5270,8668
20260925T083500Z-native-vm,http.users,primary,throughput,c10,10,,,rust,http-axum,0,True,,,70853.81545335462,2125971,0,0.0,146.185,10408,1.9283988658740656,36742.303009621115,3976.0,3976,4192,3,1.031657121087211,0.009256142712891283,8.283895,130,168,209,239,470,2814,5198
20260925T083500Z-native-vm,http.users,primary,throughput,c10,10,,,rust,http-axum,1,True,,,69395.9153758587,2082120,0,0.0,146.856,12123,1.929407529802276,35967.47411002918,3964.0,3964,4144,3,1.0296577461238174,0.009074105192404638,8.171292,133,171,213,243,412,2603,5477
20260925T083500Z-native-vm,http.users,primary,throughput,c10,10,,,rust,http-axum,2,True,,,68477.72356624801,2061179,0,0.0,151.434,11581,1.9284064763529958,35510.004973512194,3852.0,3852,4048,3,1.0416584821129191,0.010025062656641603,8.148511,134,173,216,246,427,3286,8262
20260925T083500Z-native-vm,http.users,primary,throughput,c10,10,,,rust,http-axum,3,True,,,67227.99930235316,2017090,0,0.0,155.158,17532,1.9287409141846628,34855.89941496754,3896.0,3896,4016,3,1.0266601696188933,0.009751176866173503,7.933177,137,177,221,254,448,2993,14112
20260925T083500Z-native-vm,http.users,primary,throughput,c10,10,,,rust,http-axum,4,True,,,68663.32420113837,2066748,0,0.0,146.853,13971,1.930752375792521,35562.988326223836,3724.0,3724,4032,3,1.0246574513757225,0.006724949562878279,8.21489,135,174,216,245,365,2468,6281
20260925T083500Z-native-vm,http.users,primary,throughput,c100,100,,,go,http,0,True,,,52095.27014607485,1563630,0,0.0,2036.236,51849,1.9418489967336772,26827.662827389082,13307.428189796723,13648,13664,7,0.8443278474538658,0.008558482966940761,7.74399,1869,2890,3994,4682,6393,10133,22078
20260925T083500Z-native-vm,http.users,primary,throughput,c100,100,,,go,http,1,True,,,51334.09922087163,1540830,0,0.0,2066.392,21605,1.9391726479137739,26472.16547536319,13253.441018852276,13476,13516,6,0.8423286865148236,0.008561356387443344,8.094341,1895,2934,4057,4765,6570,10142,15859
20260925T083500Z-native-vm,http.users,primary,throughput,c100,100,,,go,http,2,True,,,50054.46407209951,1504049,0,0.0,2198.452,78017,1.9331046954107776,25893.302204960568,13317.615055498856,13516,13580,6,0.8336588124613197,0.011392192997151952,7.761497,1939,3013,4185,4943,7113,38737,68131
20260925T083500Z-native-vm,http.users,primary,throughput,c100,100,,,go,http,3,True,,,51726.236624787154,1552328,0,0.0,2043.729,24673,1.944546232298676,26600.672056863794,13098.791971298115,13648,13712,6,0.8429949146612772,0.007035175879396985,7.978899,1884,2907,4008,4691,6309,9835,17502
20260925T083500Z-native-vm,http.users,primary,throughput,c100,100,,,go,http,4,True,,,51052.98576213066,1532163,0,0.0,2074.826,15475,1.9415139544431608,26295.45136427979,13284.802990159511,13620,13704,6,0.8503231813248716,0.006863073317710077,7.72303,1906,2953,4086,4789,6503,9742,12528
20260925T083500Z-native-vm,http.users,primary,throughput,c100,100,,,rust,http-axum,0,True,,,79311.37433236884,2381814,0,0.0,1254.852,10955,1.9673934611770219,40312.91955444421,6836.0,6836,7036,3,1.1403249961132,0.008502834278092697,9.025169,1226,1502,1758,1923,2444,4489,7801
20260925T083500Z-native-vm,http.users,primary,throughput,c100,100,,,rust,http-axum,1,True,,,75931.56227815252,2281866,0,0.0,1317.336,18943,1.9529413248284837,38880.61628519288,7069.545769534569,7076,7188,3,1.1019933376788784,0.008504252126063032,8.305874,1273,1566,1857,2083,2666,6258,11940
20260925T083500Z-native-vm,http.users,primary,throughput,c100,100,,,rust,http-axum,2,True,,,78707.91349860397,2362495,0,0.0,1264.768,12240,1.9667278242515607,40019.72846881155,6556.0,6556,6772,3,1.1416445306739296,0.007839866555462885,8.274517,1238,1515,1771,1931,2411,4262,7308
20260925T083500Z-native-vm,http.users,primary,throughput,c100,100,,,rust,http-axum,3,True,,,67692.76677237652,2033945,0,0.0,1470.608,11055,1.9324477170556673,35029.54629764326,6823.394051736945,6896,7048,3,1.0263227461984126,0.008574310692669805,8.131559,1437,1772,2099,2279,2715,4556,7661
20260925T083500Z-native-vm,http.users,primary,throughput,c100,100,,,rust,http-axum,4,True,,,78167.59695255013,2346744,0,0.0,1274.12,11940,1.9667179242634922,39745.199852095095,6712.0,6712,6912,3,1.1299898988696286,0.007852965747702589,8.159202,1246,1528,1782,1940,2411,4507,8595
20260925T083500Z-native-vm,http.users,primary,throughput,c1000,1000,,,go,http,0,True,,,42422.49633739709,1273392,0,0.0,23465.8,64528,1.8463850420135717,22975.974876363445,40208.40275746124,40224,40412,5,0.8253268345172622,0.009200886011245527,8.187604,23081,26743,30443,33078,40644,50474,56281
20260925T083500Z-native-vm,http.users,primary,throughput,c1000,1000,,,go,http,1,True,,,42181.93045607492,1268378,0,0.0,23634.011,57113,1.862524774397152,22647.715099375284,40606.386520675995,40608,40816,5,0.8456605237604334,0.00965774313791935,8.193424,23265,26888,30561,33124,40989,51013,55200
20260925T083500Z-native-vm,http.users,primary,throughput,c1000,1000,,,go,http,2,True,,,40909.031681195265,1227572,0,0.0,24354.436,76619,1.8194947441744063,22483.731712980407,40218.62237334214,40352,40488,5,0.8106556170252788,0.009703779366700716,7.982966,23834,27906,32118,35240,45596,55398,63285
20260925T083500Z-native-vm,http.users,primary,throughput,c1000,1000,,,go,http,3,True,,,41849.409079664525,1258626,0,0.0,23799.209,72664,1.8369730112938625,22781.72233471634,39965.848650709566,39968,40220,5,0.8283265827754035,0.007983692882622727,8.131719,23286,27149,31235,34540,43561,53329,65981
20260925T083500Z-native-vm,http.users,primary,throughput,c1000,1000,,,go,http,4,True,,,41491.65803376964,1245854,0,0.0,23991.211,83548,1.8443777945320028,22496.290161798355,40585.94894738312,41120,41308,5,0.827988691578847,0.009185235584283042,7.825965,23446,27302,31429,34615,43795,53657,72256
20260925T083500Z-native-vm,http.users,primary,throughput,c1000,1000,,,rust,http-axum,0,True,,,69177.57110146486,2081932,0,0.0,17268.011,89549,1.962027772182643,35258.20178605769,32361.0616597838,32424,32612,3,1.1333252161936924,0.009334889148191364,8.29047,7549,29040,40956,47335,59043,70396,80329
20260925T083500Z-native-vm,http.users,primary,throughput,c1000,1000,,,rust,http-axum,1,True,,,62717.2367554532,1886215,0,0.0,18303.69,86068,1.9556084472967246,32070.44684335888,32566.206956735077,32620,32904,3,1.093322376092924,0.007188231360748913,7.755146,8761,30308,41906,48519,60011,72018,77278
20260925T083500Z-native-vm,http.users,primary,throughput,c1000,1000,,,rust,http-axum,2,True,,,67451.7257390538,2029832,0,0.0,17383.093,89034,1.9761396529883333,34133.07639318547,31999.71912062222,32628,32628,3,1.1173266438242284,0.0066555740432612314,7.838104,7775,29061,40549,46859,58839,71691,81338
20260925T083500Z-native-vm,http.users,primary,throughput,c1000,1000,,,rust,http-axum,3,True,,,63042.86743427084,1893214,0,0.0,18484.925,93743,1.9354554461710731,32572.626540687903,33243.019465639154,33292,33460,3,1.079319290813723,0.007715531700771553,8.112835,8730,31086,43084,49567,60938,72118,83518
20260925T083500Z-native-vm,http.users,primary,throughput,c1000,1000,,,rust,http-axum,4,True,,,72160.93265581387,2172058,0,0.0,16993.516,88007,1.9774758537578947,36491.43554328762,32513.842337640363,32644,32932,3,1.1399839554478168,0.007977397374106698,7.908878,7073,28662,41221,47893,59460,71396,80588
20260925T083500Z-native-vm,http.users,primary,throughput,c10000,10000,,,go,http,0,True,,,43361.286475301764,1303831,0,0.0,227322.123,329105,1.8209982461358893,23811.822206481134,319354.64446419064,319696,319872,5,0.9756614396580698,0.008528057308545113,7.982344,225574,248920,270634,278885,296632,322406,326816
20260925T083500Z-native-vm,http.users,primary,throughput,c10000,10000,,,go,http,1,True,,,41686.37890011168,1255014,0,0.0,236220.342,356346,1.8149913988767603,22967.810715747764,319359.4580327166,319520,319636,5,0.9649818255966288,0.010703363914373088,8.266301,234995,257325,284106,294501,320348,345764,353448
20260925T083500Z-native-vm,http.users,primary,throughput,c10000,10000,,,go,http,2,True,,,42005.15731567075,1264264,0,0.0,234557.139,333148,1.8089828193062727,23220.31854994583,323569.06126442633,323920,324092,5,0.9439941598857304,0.008878265323544477,7.937308,233102,254469,277075,287216,301860,325331,329898
20260925T083500Z-native-vm,http.users,primary,throughput,c10000,10000,,,go,http,3,True,,,42668.539925323355,1281565,0,0.0,231385.803,327697,1.82133429287295,23427.07766075086,315800.9696843426,316192,316644,5,0.9386635081265394,0.007679180887372013,8.031063,229683,248548,274585,286200,301667,319288,324836
20260925T083500Z-native-vm,http.users,primary,throughput,c10000,10000,,,go,http,4,True,,,41050.58011971108,1234812,0,0.0,239856.793,354396,1.8201031797078144,22553.985168193063,321378.7129938826,321556,321756,5,0.9446555442922882,0.008870692596383487,8.000441,238422,257003,283299,292775,306462,320616,343322
20260925T083500Z-native-vm,http.users,primary,throughput,c10000,10000,,,rust,http-axum,0,True,,,71851.38744232421,2158798,0,0.0,194159.71,699561,1.9428656243543412,36982.17032698907,284295.64413268346,288200,288424,3,1.3023190283138413,0.010114408887415022,8.618942,159495,372807,507758,553655,630860,678650,694110
20260925T083500Z-native-vm,http.users,primary,throughput,c10000,10000,,,rust,http-axum,1,True,,,73671.4329565933,2213780,0,0.0,186992.899,690361,1.9643573025236367,37504.08994430219,274797.83111555927,278220,278368,3,1.3363214207405723,0.008138183026075402,9.015835,156481,360376,486703,522686,597678,665804,680368
20260925T083500Z-native-vm,http.users,primary,throughput,c10000,10000,,,rust,http-axum,2,True,,,70068.61281615119,2104566,0,0.0,194465.638,734303,1.944365945600029,36036.74142447917,275242.2926368793,278312,278536,3,1.2786483217713294,0.007639926922438133,9.259158,158684,373723,501295,558124,633382,705069,727253
20260925T083500Z-native-vm,http.users,primary,throughput,c10000,10000,,,rust,http-axum,3,True,,,68923.30947017444,2073231,0,0.0,198325.344,786074,1.9199988916486397,35897.57773817893,271653.575349645,276104,276224,3,1.2529904076901677,0.007140484888741282,8.319161,160200,381632,515809,567311,655113,725413,773514
20260925T083500Z-native-vm,http.users,primary,throughput,c10000,10000,,,rust,http-axum,4,True,,,66765.28998799146,2008984,0,0.0,199943.065,703068,1.959335306188053,34075.479463433636,277080.5572988847,280932,280980,3,1.2613067174071568,0.009626556016597511,8.29522,170995,381518,511193,558998,626194,680369,697955
20260925T083500Z-native-vm,http.users,primary,throughput,c500,500,,,go,http,0,True,,,45441.477539466876,1365485,0,0.0,11051.565,48526,1.8625207932274295,24397.83636494312,24991.395778678412,25120,25120,5,0.8399937438105954,0.007293080054274084,8.170667,10575,13186,16517,19001,24903,34297,43671
20260925T083500Z-native-vm,http.users,primary,throughput,c500,500,,,go,http,1,True,,,42619.712186889075,1282324,0,0.0,11764.015,49131,1.8490683587830108,23049.2896514328,24717.17632844514,24736,24764,6,0.8249976252718355,0.008638211382113821,7.776721,11260,14026,17530,20058,26071,35194,44877
20260925T083500Z-native-vm,http.users,primary,throughput,c500,500,,,go,http,2,True,,,43787.81002812904,1315812,0,0.0,11467.916,46373,1.8413490940245667,23780.287057042337,24715.915203065608,24820,24968,5,0.8253273284442679,0.009825512451295952,8.084692,10965,13747,17255,19733,26051,33467,41000
20260925T083500Z-native-vm,http.users,primary,throughput,c500,500,,,go,http,3,True,,,43998.03955731768,1323234,0,0.0,11393.731,46298,1.8625182585125382,23622.876906697176,24753.260161856964,25160,25160,5,0.8259950324658748,0.0084530853761623,7.934956,10931,13591,16943,19451,25098,33614,40565
20260925T083500Z-native-vm,http.users,primary,throughput,c500,500,,,go,http,4,True,,,42754.166741193774,1285983,0,0.0,11730.147,45824,1.8524352567885323,23079.97895446796,24736.0,24736,24912,5,0.8019931634627443,0.00864260294865277,8.26173,11236,14022,17566,20124,26029,35404,42317
20260925T083500Z-native-vm,http.users,primary,throughput,c500,500,,,rust,http-axum,0,True,,,74585.51800036208,2243682,0,0.0,7003.386,34571,1.9754596155148114,37756.03278071814,18935.6230955563,19076,19144,3,1.145659595808396,0.009148369926813041,8.152725,5746,8791,13014,15865,21270,26386,29818
20260925T083500Z-native-vm,http.users,primary,throughput,c500,500,,,rust,http-axum,1,True,,,69846.39479861819,2101023,0,0.0,7401.957,43372,1.9576463739434131,35678.75982520893,17780.940939967284,18228,18228,3,1.1203292253848183,0.012314861041770677,9.399596,6191,9279,13555,16406,21914,27787,33075
20260925T083500Z-native-vm,http.users,primary,throughput,c500,500,,,rust,http-axum,2,True,,,74664.14681589174,2245272,0,0.0,6983.431,40835,1.980179498087606,37705.74682143714,18111.328810422743,18192,18376,3,1.1179837291629346,0.007656458055925432,8.127894,5770,8694,12971,15771,20992,26716,34099
20260925T083500Z-native-vm,http.users,primary,throughput,c500,500,,,rust,http-axum,3,True,,,73161.57616775093,2201023,0,0.0,7095.183,45733,1.9811780771072245,36928.31907093191,19220.55043290994,19340,19340,3,1.1489881255907182,0.007482540738277353,7.864377,5912,8908,12997,15755,21071,26882,34105
20260925T083500Z-native-vm,http.users,primary,throughput,c500,500,,,rust,http-axum,4,True,,,72310.04279862036,2174575,0,0.0,7188.137,35303,1.977125112062843,36573.32677504426,17931.883693117623,18120,18248,3,1.1356594512543432,0.007151172459670714,7.961321,5979,9048,13160,16046,21330,26635,31017
20260925T083500Z-native-vm,http.users,primary,throughput,c5000,5000,,,go,http,0,True,,,44350.81778842546,1332230,0,0.0,111483.908,174058,1.8050058625387078,24571.010382230477,163960.53490114905,164128,164260,5,0.9069948979722999,0.00955631399317406,9.981673,111043,121721,132652,138909,152550,164525,169557
20260925T083500Z-native-vm,http.users,primary,throughput,c5000,5000,,,go,http,1,True,,,43332.62044108564,1304430,0,0.0,114297.395,184149,1.8162744638216146,23857.96932359533,165087.46463286818,165152,165312,5,0.9123285899241177,0.009196185286103543,11.872663,112802,125555,136914,143983,157268,168949,181137
20260925T083500Z-native-vm,http.users,primary,throughput,c5000,5000,,,go,http,2,True,,,42799.54553856746,1285734,0,0.0,115553.475,179031,1.8001108710370866,23776.06081224854,164353.31772160486,164640,164644,5,0.8893244095854103,0.010231923601637109,8.974675,114827,127070,137877,143971,156964,167688,173847
20260925T083500Z-native-vm,http.users,primary,throughput,c5000,5000,,,go,http,3,True,,,42553.912951465085,1280054,0,0.0,116478.791,191864,1.7947325127702858,23710.448575860682,168864.0,168864,168976,5,0.8763233089249486,0.007683114222298105,7.938966,115788,127553,138394,145349,158768,181892,189254
20260925T083500Z-native-vm,http.users,primary,throughput,c5000,5000,,,go,http,4,True,,,42098.26907053189,1265473,0,0.0,117471.746,191587,1.7806903928822433,23641.543324323335,165353.62705512048,165408,165520,6,0.8759948486538929,0.009248158931323858,9.037952,117787,128680,138448,144252,160126,180559,187739
20260925T083500Z-native-vm,http.users,primary,throughput,c5000,5000,,,rust,http-axum,0,True,,,66486.66927613174,1997387,0,0.0,103834.264,436361,1.921685793060939,34598.095857402936,146366.45517490435,147248,147580,3,1.1720003526158393,0.010896898575020955,8.050986,84444,195234,263249,293719,344485,410667,430103
20260925T083500Z-native-vm,http.users,primary,throughput,c5000,5000,,,rust,http-axum,1,True,,,72441.28964616155,2180598,0,0.0,93941.452,389896,1.97400000658,36697.71499731032,148106.3613983508,148692,148804,3,1.2819920298128176,0.0076361221779548474,8.155364,77366,175773,235803,263016,308345,362537,377992
20260925T083500Z-native-vm,http.users,primary,throughput,c5000,5000,,,rust,http-axum,2,True,,,67562.36119402568,2032807,0,0.0,99805.198,379401,1.9509275562847668,34630.89184238472,140114.96752097041,140684,140884,3,1.1916563152249189,0.00817347789824854,8.646381,82706,189679,253784,279745,320860,352213,373518
20260925T083500Z-native-vm,http.users,primary,throughput,c5000,5000,,,rust,http-axum,3,True,,,73980.33962819495,2221927,0,0.0,95641.87,411047,1.975799916438198,37443.234516155026,144004.4325013287,144780,144936,3,1.2503277077755552,0.007486275162202629,7.821762,74666,180626,244903,271193,324418,372731,397921
20260925T083500Z-native-vm,http.users,primary,throughput,c5000,5000,,,rust,http-axum,4,True,,,67699.39239116828,2035721,0,0.0,100790.402,386563,1.9374780995100838,34942.016845654645,148341.19194156615,149124,149416,3,1.206324738269573,0.010151439507405558,8.875534,81942,188984,257223,285519,324123,365370,382069
20260925T083500Z-native-vm,http.users-framework,secondary,throughput,c10,10,,,go,http-gin,0,True,,,39862.87829011356,1199860,0,0.0,426.217,17768,1.5885719703946146,25093.5299331835,15774.339118964135,16036,16176,6,0.7216620802876478,0.010438413361169102,8.435807,213,354,710,2018,4093,5520,9383
20260925T083500Z-native-vm,http.users-framework,secondary,throughput,c10,10,,,go,http-gin,1,True,,,39634.10420494513,1192971,0,0.0,437.473,20139,1.5852183988904294,25002.29888366609,15771.291731756355,16240,16472,6,0.7249955085078257,0.011809656130600903,8.286635,213,358,738,2094,4154,6460,15358
20260925T083500Z-native-vm,http.users-framework,secondary,throughput,c10,10,,,go,http-gin,2,True,,,41251.37374288344,1241639,0,0.0,403.496,24234,1.6305858419777688,25298.498662817325,15913.87853874769,16432,16432,6,0.7333292562915558,0.009177489177489178,7.687481,206,340,645,1716,4049,6452,16974
20260925T083500Z-native-vm,http.users-framework,secondary,throughput,c10,10,,,rust,http-actix,0,True,,,81255.15989914919,2445773,0,0.0,130.123,10169,1.962683416042951,41400.03386943125,4176.0,4176,4412,4,1.1516565257167408,0.008497167610796401,7.960281,112,132,159,184,539,3132,5797
20260925T083500Z-native-vm,http.users-framework,secondary,throughput,c10,10,,,rust,http-actix,1,True,,,82439.14052505573,2481384,0,0.0,128.717,9579,1.9630199338163707,41996.079155845924,4164.0,4164,4320,4,1.1586386663480939,0.008639308855291577,8.140627,110,130,157,182,491,3415,7071
20260925T083500Z-native-vm,http.users-framework,secondary,throughput,c10,10,,,rust,http-actix,2,True,,,81319.15950081024,2439879,0,0.0,131.308,7690,1.9566383859393577,41560.648142845224,4176.0,4176,4324,4,1.1619891039119739,0.01150575287643822,8.204946,111,132,160,188,649,3017,4997
20260925T083500Z-native-vm,http.users-framework,secondary,throughput,c100,100,,,go,http-gin,0,True,,,50142.98667643232,1505061,0,0.0,2165.745,67385,1.92604733020548,26034.14043365322,16718.778257424045,17000,17000,6,0.8483291174769511,0.009905977165883144,9.066742,1926,3031,4244,5070,7286,13357,59151
20260925T083500Z-native-vm,http.users-framework,secondary,throughput,c100,100,,,go,http-gin,1,True,,,48194.39743282926,1446329,0,0.0,2216.543,23632,1.931737259889229,24948.733160322667,16641.970056421404,17044,17044,6,0.8433277614668133,0.009739714525608732,9.387285,2005,3150,4397,5222,7269,10595,13764
20260925T083500Z-native-vm,http.users-framework,secondary,throughput,c100,100,,,go,http-gin,2,True,,,48271.83997805509,1448975,0,0.0,2219.317,16785,1.9243642819283848,25084.564513784466,16629.784998746487,16916,17212,6,0.8479943113432283,0.012066365007541479,8.204896,1999,3147,4410,5251,7394,10895,14361
20260925T083500Z-native-vm,http.users-framework,secondary,throughput,c100,100,,,rust,http-actix,0,True,,,88484.9060884255,2658851,0,0.0,1129.392,21268,1.9801467552568015,44686.03443331656,5668.0,5668,5872,4,1.208987262271403,0.008824508824508824,8.110651,1099,1207,1354,1521,2057,5734,15160
20260925T083500Z-native-vm,http.users-framework,secondary,throughput,c100,100,,,rust,http-actix,1,True,,,87536.12673333478,2628714,0,0.0,1153.109,18618,1.9727652163261118,44372.29833986715,5732.0,5732,5888,4,1.2339877492164233,0.010329890036654448,8.548536,1108,1222,1397,1625,2519,8393,16139
20260925T083500Z-native-vm,http.users-framework,secondary,throughput,c100,100,,,rust,http-actix,2,True,,,87175.97986671017,2618749,0,0.0,1151.314,24004,1.9737854409356623,44166.89780900647,5624.0,5624,5760,4,1.2329845805414328,0.00949050949050949,7.975273,1115,1230,1407,1590,2484,7556,17989
20260925T083500Z-native-vm,http.users-framework,secondary,throughput,c1000,1000,,,go,http-gin,0,True,,,41094.15261028854,1236458,0,0.0,24247.473,68519,1.8339482887323377,22407.476188270088,44374.016207085064,44516,44720,5,0.836662223125711,0.010531679972821471,7.945424,23708,27664,31842,34987,44463,54175,64317
20260925T083500Z-native-vm,http.users-framework,secondary,throughput,c1000,1000,,,go,http-gin,1,True,,,40335.999819783654,1213999,0,0.0,24652.722,65841,1.8312653920490662,22026.299407455248,44371.02860137281,44456,44772,6,0.8249930307888731,0.009994917838387261,8.400294,24194,28201,32422,35525,43741,53093,58750
20260925T083500Z-native-vm,http.users-framework,secondary,throughput,c1000,1000,,,go,http-gin,2,True,,,40759.857693388694,1223117,0,0.0,24434.462,79669,1.825873941339394,22323.478511056877,44372.40330047481,44388,44576,5,0.8376582371442947,0.007664793050587634,8.364527,23958,27972,32041,35071,43095,56409,69634
20260925T083500Z-native-vm,http.users-framework,secondary,throughput,c1000,1000,,,rust,http-actix,0,True,,,76788.18677937656,2311083,0,0.0,12918.14,29053,1.9835359852362977,38712.777257846836,21214.79097311192,21232,21356,4,1.2539909021706055,0.007972097658196313,8.081219,12821,13635,14668,16015,18765,22703,26301
20260925T083500Z-native-vm,http.users-framework,secondary,throughput,c1000,1000,,,rust,http-actix,1,True,,,76806.41151792776,2307509,0,0.0,12924.815,37302,1.976610792261841,38857.6303532361,21054.837229055516,21072,21132,4,1.2959821235681828,0.011312593578439528,8.932157,12734,13637,14949,16697,18978,22795,35772
20260925T083500Z-native-vm,http.users-framework,secondary,throughput,c1000,1000,,,rust,http-actix,2,True,,,76117.23868756228,2284862,0,0.0,13044.025,42957,1.9815710823036783,38412.570392918766,21174.03344179112,21188,21296,4,1.250838861559247,0.008658008658008658,8.562816,12916,13617,14712,16439,18798,24924,40588
20260925T083500Z-native-vm,http.users-framework,secondary,throughput,c5000,5000,,,go,http-gin,0,True,,,41725.55278734801,1255575,0,0.0,118504.821,188110,1.78790092785281,23337.732050655937,168932.0,168932,169156,5,0.8976621131259874,0.010741687979539642,8.376962,118274,130297,141128,147056,159962,178402,185306
20260925T083500Z-native-vm,http.users-framework,secondary,throughput,c5000,5000,,,go,http-gin,1,True,,,41989.202137524626,1261512,0,0.0,117741.469,172379,1.787879884925287,23485.471530588475,169565.25063973697,169700,169960,5,0.9006644056387427,0.011955593509820665,8.109113,117164,128940,140285,146775,158614,166024,169865
20260925T083500Z-native-vm,http.users-framework,secondary,throughput,c5000,5000,,,go,http-gin,2,True,,,41658.48793490552,1253429,0,0.0,118875.47,184300,1.8071902072512307,23051.523723265873,168486.66916630807,168616,168760,5,0.9006618347360115,0.012755102040816327,8.357692,118779,130182,141158,146432,158398,172466,177326
20260925T083500Z-native-vm,http.users-framework,secondary,throughput,c5000,5000,,,rust,http-actix,0,True,,,92851.62227106321,2787055,0,0.0,52570.495,90160,1.9741234405636756,47034.35477396038,89876.17243118086,90236,90264,4,1.523989307995813,0.009311606252078483,8.127552,51937,55353,59903,63793,72000,78975,84223
20260925T083500Z-native-vm,http.users-framework,secondary,throughput,c5000,5000,,,rust,http-actix,1,True,,,90618.12530252122,2722659,0,0.0,53860.436,94759,1.9764065393766515,45849.942052459366,89809.03615461981,90156,90396,4,1.5063259604702872,0.0071464184809705835,8.345209,53179,56371,61625,67003,76461,84262,90591
20260925T083500Z-native-vm,http.users-framework,secondary,throughput,c5000,5000,,,rust,http-actix,2,True,,,92994.41957225508,2797501,0,0.0,52673.739,100629,1.9766663030259557,47046.08938286432,89871.62607643666,90164,90320,4,1.4916543955717816,0.005973120955699353,8.448556,52213,55188,58702,62101,71842,88025,93879
